SUCCESS: Server is running

LOAD: Loading test cases...
STATS: Running first 100 test cases (for testing)
STATS: Total questions: 300
START: Starting benchmark...


############################################################
Progress: 1/100 (1.0%)

============================================================
TEST: Test Case #1: Retired couple
============================================================
PREFS: Budget: ₹600,000-₹1,000,000 | Fuel: Hybrid | Body: Any | Trans: Manual | Seats: 5 | Features: Apple CarPlay/Android Auto

STATS: Getting recommendations...
   SUCCESS: Got 5 recommendations
   TIME:  Response time: 1.94s

   CARS: Recommended Cars:
      1. Hyundai Aura SX Option
         Price: Rs.8,71,200 | Fuel: Petrol | Trans: N/A
         Match Score: 21.000
      2. Citroen Aircross Plus
         Price: Rs.9,99,000 | Fuel: Petrol | Trans: N/A
         Match Score: 21.000
      3. Hyundai Aura SX
         Price: Rs.8,14,700 | Fuel: Petrol | Trans: N/A
         Match Score: 21.000
      4. Citroen Aircross You
         Price: Rs.8,49,000 | Fuel: Petrol | Trans: N/A
         Match Score: 21.000
      5. Hyundai Aura E
         Price: Rs.6,54,100 | Fuel: Petrol | Trans: N/A
         Match Score: 21.000
   STATS: Overall Quality: 0.511
   STATS: Relevance: 0.656
   STATS: Diversity: 0.296
   STATS: NDCG@K: 1.0000
   STATS: ILD (Diversity): 0.2359
   STATS: Novelty: 0.3800
   STATS: Serendipity: 0.2660

Q💬A: Asking 3 questions...

   Q1: What is the mileage of these cars?
      SUCCESS: Answer generated (9.47s)
      Q💬A: Answer:  Here are the claimed fuel efficiencies of the cars in the context:

- Hyundai Aura SX Option: 18.4 kmpl (petrol)
- Citroen Aircross Plus: 19.1 kmpl (petrol)
- Hyundai Aura SX: 18.4 kmpl (petrol)
- Citroen Aircross You: 17.8 kmpl (petrol)
- Hyundai Aura E: 18.4 kmpl (petrol)
- Hyundai Aura S: 18.4 k...
      STATS: Overall Quality: 0.554
      STATS: Faithfulness: N/A
      STATS: Relevancy: N/A

   Q2: Why is one car ranked higher than others?
      SUCCESS: Answer generated (5.57s)
      Q💬A: Answer:  The Hyundai Creta is ranked higher than the other cars because of its improved styling, better interior design, and high-quality in-cabin experience. It is also packed with features, including dual 10.25" displays, Level 2 ADAS, and a panoramic sunroof. However, it does have some drawbacks, such as...
      STATS: Overall Quality: 0.614
      STATS: Faithfulness: N/A
      STATS: Relevancy: N/A

   Q3: Which car has the best performance?
      SUCCESS: Answer generated (5.81s)
      Q💬A: Answer:  Based on the provided context, the Hyundai Creta with the 1.5-litre turbo-petrol engine offers the best performance. It provides an exciting drive, especially for those who enjoy driving themselves, mostly on the highway. The dual clutch automatic transmission (DCT) feels smooth and quick, allowing...
      STATS: Overall Quality: 0.187
      STATS: Faithfulness: N/A
      STATS: Relevancy: N/A

############################################################
Progress: 2/100 (2.0%)
TIME:  Estimated time remaining: 45.9 minutes

============================================================
TEST: Test Case #2: Business executive
============================================================
PREFS: Budget: ₹1,500,000-₹2,000,000 | Fuel: Diesel | Body: Crossover | Trans: Manual | Seats: 8 | Features: Wireless Charging

STATS: Getting recommendations...
   SUCCESS: Got 5 recommendations
   TIME:  Response time: 2.14s

   CARS: Recommended Cars:
      1. Hyundai Creta SX Premium Diesel
         Price: Rs.17,76,690 | Fuel: Diesel | Trans: N/A
         Match Score: 27.000
      2. Hyundai Creta SX Tech Diesel
         Price: Rs.17,67,700 | Fuel: Diesel | Trans: N/A
         Match Score: 27.000
      3. Hyundai Creta SX Premium DT Diesel
         Price: Rs.17,91,690 | Fuel: Diesel | Trans: N/A
         Match Score: 27.000
      4. Toyota Innova Crysta 2.4 GX 8Str
         Price: Rs.19,99,000 | Fuel: Diesel | Trans: N/A
         Match Score: 32.000
      5. Hyundai Alcazar Prestige Diesel
         Price: Rs.17,17,900 | Fuel: Diesel | Trans: N/A
         Match Score: 27.000
   STATS: Overall Quality: 0.499
   STATS: Relevance: 0.641
   STATS: Diversity: 0.281
   STATS: NDCG@K: 1.0000
   STATS: ILD (Diversity): 0.1467
   STATS: Novelty: 0.3000
   STATS: Serendipity: 0.2100

Q💬A: Asking 3 questions...

   Q1: Which car has the most technology features?
      SUCCESS: Answer generated (3.11s)
      Q💬A: Answer:  The Hyundai Creta SX Tech Diesel and SX Tech Diesel DT have the most technology features. They come with a 10.25-inch touchscreen, 8-speaker BOSE audio system, high-resolution 10.25-inch driver's display, wireless charger, dual-zone climate control, rear AC vents, and advanced driving assistance sy...
      STATS: Overall Quality: 0.9
      STATS: Faithfulness: N/A
      STATS: Relevancy: N/A

   Q2: What are the main differences between these cars?
      SUCCESS: Answer generated (8.78s)
      Q💬A: Answer:  The main differences between these cars are:

1. **Model and Price**: The models compared are Hyundai Creta SX Premium Diesel, Hyundai Creta SX Tech Diesel, Hyundai Creta SX Premium DT Diesel, Toyota Innova Crysta 2.4 GX 8Str, Hyundai Alcazar Prestige Diesel, Hyundai Alcazar Prestige Matte Diesel, ...
      STATS: Overall Quality: 0.896
      STATS: Faithfulness: N/A
      STATS: Relevancy: N/A

   Q3: How is the engine power comparison?
      SUCCESS: Answer generated (3.32s)
      Q💬A: Answer:  The Hyundai Creta SX Premium Diesel, SX Tech Diesel, SX Premium DT Diesel, and Hyundai Alcazar Prestige Diesel are all equipped with a 1.5-liter diesel engine that produces 114bhp of power. The Toyota Innova Crysta 2.4 GX 8Str has a more powerful 2.4-liter diesel engine with 147bhp of power. The Je...
      STATS: Overall Quality: 0.895
      STATS: Faithfulness: N/A
      STATS: Relevancy: N/A

############################################################
Progress: 3/100 (3.0%)
TIME:  Estimated time remaining: 40.9 minutes

============================================================
TEST: Test Case #3: Business executive
============================================================
PREFS: Budget: ₹2,000,000-₹3,000,000 | Fuel: Diesel | Body: Any | Trans: Manual | Seats: 7 | Features: Ventilated Seats, Automatic Climate Control, Wireless Charging

STATS: Getting recommendations...
   SUCCESS: Got 5 recommendations
   TIME:  Response time: 2.06s

   CARS: Recommended Cars:
      1. Mahindra XUV700 AX7L Ebony Edition 7Str Diesel
         Price: Rs.22,39,000 | Fuel: Diesel | Trans: N/A
         Match Score: 29.000
      2. Mahindra XUV700 AX7 Ebony Edition 7Str Diesel
         Price: Rs.20,14,000 | Fuel: Diesel | Trans: N/A
         Match Score: 29.000
      3. Mahindra Scorpio N Z8L Carbon Edition Diesel
         Price: Rs.21,29,900 | Fuel: Diesel | Trans: N/A
         Match Score: 29.000
      4. Mahindra XUV700 AX7L 7Str Diesel
         Price: Rs.22,98,999 | Fuel: Diesel | Trans: N/A
         Match Score: 29.000
      5. Tata Safari Adventure Plus
         Price: Rs.21,84,990 | Fuel: Diesel | Trans: N/A
         Match Score: 29.000
   STATS: Overall Quality: 0.489
   STATS: Relevance: 0.763
   STATS: Diversity: 0.229
   STATS: NDCG@K: 1.0000
   STATS: ILD (Diversity): 0.0579
   STATS: Novelty: 0.1600
   STATS: Serendipity: 0.1120

Q💬A: Asking 3 questions...

   Q1: What are the pros and cons of each?
      SUCCESS: Answer generated (10.96s)
      Q💬A: Answer:  I'll provide a comparison of the key features and prices for each vehicle. You can determine the pros and cons based on what is most important to you.

1. Mahindra XUV700 AX7L Ebony Edition 7Str Diesel
   - Price: Rs. 22,39,000
   - Power: 182bhp
   - Features: Sunroof, Apple CarPlay/Android Auto, ...
      STATS: Overall Quality: 0.867
      STATS: Faithfulness: N/A
      STATS: Relevancy: N/A

   Q2: How do these cars compare overall?
      SUCCESS: Answer generated (5.61s)
      Q💬A: Answer:  Based on the provided context, here's a concise comparison:

All the vehicles are 7-seater SUVs with manual transmission and diesel powertrains, producing between 167bhp to 182bhp. They all feature Apple CarPlay/Android Auto and ventilated seats. The Mahindra XUV700 AX7L Ebony Edition, XUV700 AX7L ...
      STATS: Overall Quality: 0.793
      STATS: Faithfulness: N/A
      STATS: Relevancy: N/A

   Q3: What is the mileage of these cars?
      SUCCESS: Answer generated (2.56s)
      Q💬A: Answer:  I don't have specific mileage details for each car in the provided context, as only the price, type, transmission, number of seats, power, features, and comfort score are mentioned.
      STATS: Overall Quality: 0.458
      STATS: Faithfulness: N/A
      STATS: Relevancy: N/A

############################################################
Progress: 4/100 (4.0%)
TIME:  Estimated time remaining: 41.1 minutes

============================================================
TEST: Test Case #4: Budget-conscious first-time buyer
============================================================
PREFS: Budget: ₹1,800,000-₹2,500,000 | Fuel: Electric | Body: Any | Trans: Manual | Seats: 5 | Features: Automatic Climate Control, Apple CarPlay/Android Auto

STATS: Getting recommendations...
   SUCCESS: Got 5 recommendations
   TIME:  Response time: 1.96s

   CARS: Recommended Cars:
      1. Mahindra BE 6 Pack Two
         Price: Rs.21,90,000 | Fuel: Electric | Trans: N/A
         Match Score: 25.000
      2. Mahindra BE 6 Pack One Above
         Price: Rs.20,50,000 | Fuel: Electric | Trans: N/A
         Match Score: 25.000
      3. Mahindra BE 6 Pack One
         Price: Rs.18,90,000 | Fuel: Electric | Trans: N/A
         Match Score: 25.000
      4. Hyundai Creta Electric Smart
         Price: Rs.18,99,900 | Fuel: Electric | Trans: N/A
         Match Score: 25.000
      5. Hyundai Creta Electric Smart (O) LR
         Price: Rs.21,49,900 | Fuel: Electric | Trans: N/A
         Match Score: 25.000
   STATS: Overall Quality: 0.476
   STATS: Relevance: 0.657
   STATS: Diversity: 0.232
   STATS: NDCG@K: 1.0000
   STATS: ILD (Diversity): 0.0843
   STATS: Novelty: 0.1200
   STATS: Serendipity: 0.0840

Q💬A: Asking 3 questions...

   Q1: Which car offers best value for money?
      SUCCESS: Answer generated (3.36s)
      Q💬A: Answer:  Based on the provided context, the Hyundai Creta EX (O) variant offers good value for money. It is the base variant for automatic transmission and comes with a panoramic sunroof. Additionally, it has an 8-inch touchscreen system with wireless Android Auto and Apple CarPlay, and a 6-speaker music sy...
      STATS: Overall Quality: 0.884
      STATS: Faithfulness: N/A
      STATS: Relevancy: N/A

   Q2: What are the pros and cons of each?
      SUCCESS: Answer generated (2.52s)
      Q💬A: Answer:  Here are the pros and cons of the Hyundai Creta Electric Smart and Mahindra BE 6 Pack models mentioned in the context:

Hyundai Creta Electric Smart:
Pros:
1. Improved styling with a more sophisticated appearance

      STATS: Overall Quality: 0.497
      STATS: Faithfulness: N/A
      STATS: Relevancy: N/A

   Q3: What about the ride quality?
      SUCCESS: Answer generated (3.10s)
      Q💬A: Answer:  The Hyundai Creta offers a comfortable ride with its suspension absorbing most city rough roads and potholes effectively. However, some minor movement can be felt over sharper speedbreakers or deeper potholes, and a constant up/down movement may be noticed on uneven highway surfaces. The car also p...
      STATS: Overall Quality: 0.852
      STATS: Faithfulness: N/A
      STATS: Relevancy: N/A

############################################################
Progress: 5/100 (5.0%)
TIME:  Estimated time remaining: 36.9 minutes

============================================================
TEST: Test Case #5: Senior citizen looking for comfort
============================================================
PREFS: Budget: ₹500,000-₹800,000 | Fuel: Diesel | Body: Crossover | Trans: Any | Seats: 8 | Features: Ventilated Seats, Sunroof, Automatic Climate Control

STATS: Getting recommendations...
   SUCCESS: Got 5 recommendations
   TIME:  Response time: 2.36s

   CARS: Recommended Cars:
      1. Mahindra Bolero Maxi Truck Plus 1.2
         Price: Rs.7,57,000 | Fuel: Diesel | Trans: N/A
         Match Score: 18.000
      2. Mahindra Bolero Maxi Truck Plus PS 1.2
         Price: Rs.7,61,000 | Fuel: Diesel | Trans: N/A
         Match Score: 18.000
      3. Mahindra Bolero Maxi Truck Plus CBC PS 1.2
         Price: Rs.7,49,000 | Fuel: Diesel | Trans: N/A
         Match Score: 18.000
      4. Tata Altroz XT Diesel
         Price: Rs.9,49,990 | Fuel: Diesel | Trans: N/A
         Match Score: 13.000
      5. Tata Altroz XM Plus Diesel
         Price: Rs.8,79,990 | Fuel: Diesel | Trans: N/A
         Match Score: 13.000
   STATS: Overall Quality: 0.496
   STATS: Relevance: 0.462
   STATS: Diversity: 0.29
   STATS: NDCG@K: 1.0000
   STATS: ILD (Diversity): 0.2254
   STATS: Novelty: 0.4200
   STATS: Serendipity: 0.2940

Q💬A: Asking 3 questions...

   Q1: Which car is most comfortable for long drives?
      SUCCESS: Answer generated (2.90s)
      Q💬A: Answer:  Based on the comfort score provided in the context, the Tata Tigor XZ Plus, with a comfort score of 3.75/5, seems to be the most comfortable car for long drives. However, I would recommend taking additional factors into account such as legroom, seat adjustability, and ride smoothness, which are not...
      STATS: Overall Quality: 0.82
      STATS: Faithfulness: N/A
      STATS: Relevancy: N/A

   Q2: How do these cars compare overall?
      SUCCESS: Answer generated (6.20s)
      Q💬A: Answer:  Based on the provided context, here's a concise comparison:

1. Price: The Mahindra Bolero Maxi Truck Plus 1.2 CBC PS is the cheapest (Rs. 7,49,000), while the Tata Nexon Smart is the most expensive (Rs. 7,99,990) in this list, all being manual transmission vehicles.

2. Fuel Type: All vehicles are...
      STATS: Overall Quality: 0.748
      STATS: Faithfulness: N/A
      STATS: Relevancy: N/A

   Q3: Which is the most affordable option?
      SUCCESS: Answer generated (2.69s)
      Q💬A: Answer:  The most affordable option is the Mahindra Bolero Maxi Truck Plus CBC PS 1.2, priced at Rs. 7,49,000.
      STATS: Overall Quality: 0.9
      STATS: Faithfulness: N/A
      STATS: Relevancy: N/A

############################################################
Progress: 6/100 (6.0%)
TIME:  Estimated time remaining: 35.3 minutes

============================================================
TEST: Test Case #6: Growing family with kids
============================================================
PREFS: Budget: ₹1,200,000-₹1,800,000 | Fuel: Any | Body: SUV | Trans: Any | Seats: 7 | Features: 360 Camera, Lane Assist

STATS: Getting recommendations...
   SUCCESS: Got 5 recommendations
   TIME:  Response time: 2.15s

   CARS: Recommended Cars:
      1. Citroen Aircross Turbo Plus 7 Seater
         Price: Rs.12,46,300 | Fuel: Petrol | Trans: N/A
         Match Score: 22.000
      2. Mahindra Bolero Neo Plus P10
         Price: Rs.12,49,000 | Fuel: Diesel | Trans: N/A
         Match Score: 22.000
      3. Hyundai Alcazar Executive Diesel
         Price: Rs.15,99,000 | Fuel: Diesel | Trans: N/A
         Match Score: 22.000
      4. Mahindra Bolero Neo N10 Option
         Price: Rs.12,15,500 | Fuel: Diesel | Trans: N/A
         Match Score: 22.000
      5. Mahindra Scorpio N Z2
         Price: Rs.13,99,199 | Fuel: Petrol | Trans: N/A
         Match Score: 22.000
   STATS: Overall Quality: 0.626
   STATS: Relevance: 0.786
   STATS: Diversity: 0.351
   STATS: NDCG@K: 1.0000
   STATS: ILD (Diversity): 0.2379
   STATS: Novelty: 0.1600
   STATS: Serendipity: 0.1120

Q💬A: Asking 3 questions...

   Q1: How much will I spend on fuel monthly?
      SUCCESS: Answer generated (4.61s)
      Q💬A: Answer:  To accurately calculate the monthly fuel cost, we need more information such as the average distance driven per month, the fuel efficiency of the vehicle, and the current fuel price. However, I can provide you with the miles per gallon (MPG) for each vehicle in your context, which you can use to ca...
      STATS: Overall Quality: 0.73
      STATS: Faithfulness: N/A
      STATS: Relevancy: N/A

   Q2: Why is one car ranked higher than others?
      SUCCESS: Answer generated (3.02s)
      Q💬A: Answer:  Cars are ranked based on various factors including price, power, features, and comfort score. For example, the Citroen Aircross Turbo Max 7 Seater is ranked higher than some others because it offers more features like Apple CarPlay/Android Auto and ventilated seats, along with a higher comfort scor...
      STATS: Overall Quality: 0.839
      STATS: Faithfulness: N/A
      STATS: Relevancy: N/A

   Q3: Which one accelerates faster?
      SUCCESS: Answer generated (3.07s)
      Q💬A: Answer:  Based on the provided context, the car that accelerates faster is the Citroen Aircross Turbo Max 7 Seater, with a power output of 108bhp. However, if we compare the power-to-weight ratios of these vehicles and consider other factors such as transmission and aerodynamics, the acceleration performanc...
      STATS: Overall Quality: 0.775
      STATS: Faithfulness: N/A
      STATS: Relevancy: N/A

############################################################
Progress: 7/100 (7.0%)
TIME:  Estimated time remaining: 33.8 minutes

============================================================
TEST: Test Case #7: Practical daily commuter
============================================================
PREFS: Budget: ₹700,000-₹1,400,000 | Fuel: Hybrid | Body: Crossover | Trans: Any | Seats: 5 | Features: Automatic Climate Control, Sunroof, Wireless Charging

STATS: Getting recommendations...
   SUCCESS: Got 5 recommendations
   TIME:  Response time: 1.76s

   CARS: Recommended Cars:
      1. Citroen Aircross Turbo Plus
         Price: Rs.12,11,300 | Fuel: Petrol | Trans: N/A
         Match Score: 17.000
      2. Citroen Aircross Turbo Plus 7 Seater
         Price: Rs.12,46,300 | Fuel: Petrol | Trans: N/A
         Match Score: 17.000
      3. Citroen Aircross Turbo Plus AT
         Price: Rs.13,41,300 | Fuel: Petrol | Trans: N/A
         Match Score: 17.000
      4. Citroen Aircross Turbo Max
         Price: Rs.12,85,300 | Fuel: Petrol | Trans: N/A
         Match Score: 17.000
      5. Citroen Basalt Plus Turbo
         Price: Rs.11,77,000 | Fuel: Petrol | Trans: N/A
         Match Score: 17.000
   STATS: Overall Quality: 0.589
   STATS: Relevance: 0.385
   STATS: Diversity: 0.169
   STATS: NDCG@K: 1.0000
   STATS: ILD (Diversity): 0.1026
   STATS: Novelty: 0.8000
   STATS: Serendipity: 0.5600

Q💬A: Asking 3 questions...

   Q1: How much will I spend on fuel monthly?
      SUCCESS: Answer generated (2.59s)
      Q💬A: Answer:  I don't have enough information to provide an accurate estimate. To calculate the monthly fuel cost, I would need to know the car's mileage (kilometers per liter or miles per gallon), the average distance driven per month, and the local fuel price.
      STATS: Overall Quality: 0.721
      STATS: Faithfulness: N/A
      STATS: Relevancy: N/A

   Q2: What are the pros and cons of each?
      SUCCESS: Answer generated (6.69s)
      Q💬A: Answer:  I'll provide a general comparison of the Citroen models based on the given context.

1. Citroen Aircross Turbo Plus:
   - Pros: Affordable, Apple CarPlay/Android Auto, ventilated seats
   - Cons: Manual transmission, average comfort score

2. Citroen Aircross Turbo Plus 7 Seater:
   - Pros: Similar...
      STATS: Overall Quality: 0.821
      STATS: Faithfulness: N/A
      STATS: Relevancy: N/A

   Q3: What safety features are included?
      SUCCESS: Answer generated (1.94s)
      Q💬A: Answer:  The context does not provide specific information about the safety features for the Citroen cars. I would need additional information to answer this question.
      STATS: Overall Quality: 0.637
      STATS: Faithfulness: N/A
      STATS: Relevancy: N/A

############################################################
Progress: 8/100 (8.0%)
TIME:  Estimated time remaining: 32.6 minutes

============================================================
TEST: Test Case #8: Senior citizen looking for comfort
============================================================
PREFS: Budget: ₹1,500,000-₹2,000,000 | Fuel: CNG | Body: Sedan | Trans: Manual | Seats: 8 | Features: Ventilated Seats, Sunroof, Automatic Climate Control

STATS: Getting recommendations...
   SUCCESS: Got 5 recommendations
   TIME:  Response time: 1.95s

   CARS: Recommended Cars:
      1. Toyota Hyryder G CNG
         Price: Rs.15,59,000 | Fuel: CNG | Trans: N/A
         Match Score: 24.000
      2. Maruti Grand Vitara Zeta CNG
         Price: Rs.15,21,000 | Fuel: CNG | Trans: N/A
         Match Score: 24.000
      3. Honda City ZX
         Price: Rs.15,30,000 | Fuel: Petrol | Trans: N/A
         Match Score: 23.000
      4. Hyundai Verna SX Turbo
         Price: Rs.15,00,400 | Fuel: Petrol | Trans: N/A
         Match Score: 23.000
      5. Hyundai Verna SX Turbo DT
         Price: Rs.15,00,400 | Fuel: Petrol | Trans: N/A
         Match Score: 23.000
   STATS: Overall Quality: 0.512
   STATS: Relevance: 0.52
   STATS: Diversity: 0.443
   STATS: NDCG@K: 1.0000
   STATS: ILD (Diversity): 0.3709
   STATS: Novelty: 0.3000
   STATS: Serendipity: 0.2100

Q💬A: Asking 3 questions...

   Q1: Which has the most spacious interior?
      SUCCESS: Answer generated (2.65s)
      Q💬A: Answer:  Based on the provided context, the cars listed are similar in terms of seating capacity with five seats each. However, the context does not provide specific information about the interior space or spaciousness of these vehicles. Therefore, I don't have enough information to definitively answer whic...
      STATS: Overall Quality: 0.712
      STATS: Faithfulness: N/A
      STATS: Relevancy: N/A

   Q2: Which car should I choose and why?
      SUCCESS: Answer generated (3.70s)
      Q💬A: Answer:  I don't have enough information to choose the best car for you as I don't know your preferences and requirements. However, if you're looking for a car with high power, the Hyundai Verna SX Turbo and Hyundai Verna SX Turbo DT, both petrol sedans with a manual transmission, have the highest power of ...
      STATS: Overall Quality: 0.77
      STATS: Faithfulness: N/A
      STATS: Relevancy: N/A

   Q3: Which has the best resale value?
      SUCCESS: Answer generated (2.82s)
      Q💬A: Answer:  I don't have enough information to accurately determine the resale value of these vehicles as it depends on various factors like model age, condition, mileage, and market demand. However, generally, Toyota and Honda are known for their good resale value in the market.
      STATS: Overall Quality: 0.619
      STATS: Faithfulness: N/A
      STATS: Relevancy: N/A

############################################################
Progress: 9/100 (9.0%)
TIME:  Estimated time remaining: 31.3 minutes

============================================================
TEST: Test Case #9: Budget-conscious first-time buyer
============================================================
PREFS: Budget: ₹2,500,000-₹4,000,000 | Fuel: Hybrid | Body: Hatchback | Trans: Manual | Seats: 7 | Features: Apple CarPlay/Android Auto

STATS: Getting recommendations...
   SUCCESS: Got 5 recommendations
   TIME:  Response time: 1.90s

   CARS: Recommended Cars:
      1. Tata Safari Accomplished Plus Dark
         Price: Rs.25,29,990 | Fuel: Diesel | Trans: N/A
         Match Score: 23.000
      2. Tata Safari Accomplished Plus Stealth
         Price: Rs.25,74,990 | Fuel: Diesel | Trans: N/A
         Match Score: 23.000
      3. Toyota Fortuner 4X2
         Price: Rs.33,78,000 | Fuel: Petrol | Trans: N/A
         Match Score: 23.000
      4. Toyota Fortuner 4X2 Diesel
         Price: Rs.36,33,000 | Fuel: Diesel | Trans: N/A
         Match Score: 23.000
      5. Toyota Innova Crysta 2.4 VX 7Str
         Price: Rs.25,14,000 | Fuel: Diesel | Trans: N/A
         Match Score: 23.000
   STATS: Overall Quality: 0.528
   STATS: Relevance: 0.538
   STATS: Diversity: 0.353
   STATS: NDCG@K: 1.0000
   STATS: ILD (Diversity): 0.2837
   STATS: Novelty: 0.6000
   STATS: Serendipity: 0.4200

Q💬A: Asking 3 questions...

   Q1: Are there any hidden costs I should know?
      SUCCESS: Answer generated (2.34s)
      Q💬A: Answer:  Based on the provided context, there are no mentions of any hidden costs for these car models. However, it's important to note that regular maintenance costs, insurance, and fuel costs are not included in the given prices. These should be considered separately. Always check with the dealership for ...
      STATS: Overall Quality: 0.814
      STATS: Faithfulness: N/A
      STATS: Relevancy: N/A

   Q2: What are the main differences between these cars?
      SUCCESS: Answer generated (7.70s)
      Q💬A: Answer:  The main differences between these cars are:

1. Brand and Model: Tata Safari Accomplished Plus Dark, Tata Safari Accomplished Plus Stealth, Toyota Fortuner 4X2, Toyota Fortuner 4X2 Diesel, Toyota Innova Crysta 2.4 VX 7Str, Toyota Innova Crysta 2.4 VX 8Str, Toyota Innova Crysta 2.4 Zx 7Str, Jeep Me...
      STATS: Overall Quality: 0.87
      STATS: Faithfulness: N/A
      STATS: Relevancy: N/A

   Q3: Which car has the best fuel efficiency?
      SUCCESS: Answer generated (1.96s)
      Q💬A: Answer:  The context does not provide information on the fuel efficiency of the mentioned cars. I would need the fuel efficiency details to accurately answer this question.
      STATS: Overall Quality: 0.574
      STATS: Faithfulness: N/A
      STATS: Relevancy: N/A

############################################################
Progress: 10/100 (10.0%)
TIME:  Estimated time remaining: 30.7 minutes

============================================================
TEST: Test Case #10: Practical daily commuter
============================================================
PREFS: Budget: ₹1,200,000-₹1,800,000 | Fuel: Petrol | Body: SUV | Trans: Manual | Seats: 5 | Features: Lane Assist

STATS: Getting recommendations...
   SUCCESS: Got 5 recommendations
   TIME:  Response time: 1.92s

   CARS: Recommended Cars:
      1. Citroen Aircross Turbo Plus
         Price: Rs.12,11,300 | Fuel: Petrol | Trans: N/A
         Match Score: 39.000
      2. Citroen Aircross Turbo Max
         Price: Rs.12,85,300 | Fuel: Petrol | Trans: N/A
         Match Score: 39.000
      3. Citroen Aircross Turbo Plus 7 Seater
         Price: Rs.12,46,300 | Fuel: Petrol | Trans: N/A
         Match Score: 39.000
      4. Citroen Aircross Turbo Max DT
         Price: Rs.13,05,800 | Fuel: Petrol | Trans: N/A
         Match Score: 39.000
      5. Citroen Basalt Max Turbo
         Price: Rs.12,49,000 | Fuel: Petrol | Trans: N/A
         Match Score: 39.000
   STATS: Overall Quality: 0.502
   STATS: Relevance: 0.923
   STATS: Diversity: 0.165
   STATS: NDCG@K: 1.0000
   STATS: ILD (Diversity): 0.0079
   STATS: Novelty: 0.2000
   STATS: Serendipity: 0.1400

Q💬A: Asking 3 questions...

   Q1: What features do these cars offer?
      SUCCESS: Answer generated (18.71s)
      Q💬A: Answer:  Here are the features of the cars listed in the context:

Citroen Aircross Turbo Plus:
- Apple CarPlay/Android Auto
- Ventilated Seats
- Manual Transmission
- Seats: 5.0
- Power: 108bhp
- Comfort Score: 3.5/5

Citroen Aircross Turbo Max:
- Apple CarPlay/Android Auto
- Ventilated Seats
- Manual Tran...
      STATS: Overall Quality: 0.911
      STATS: Faithfulness: N/A
      STATS: Relevancy: N/A

   Q2: Which car should I choose and why?
      SUCCESS: Answer generated (8.83s)
      Q💬A: Answer:  Based on the context provided, if you're looking for a spacious, comfortable, and feature-loaded SUV for your family, the Hyundai Creta is a strong contender. It offers a comprehensive safety package, ample space, and is packed with features. The S(O) variant, in particular, feels like the most val...
      STATS: Overall Quality: 0.169
      STATS: Faithfulness: N/A
      STATS: Relevancy: N/A

   Q3: What is the mileage of these cars?
      SUCCESS: Answer generated (8.39s)
      Q💬A: Answer:  Here are the claimed fuel efficiencies of the cars in the provided context:

- Citroen Aircross Turbo Plus: 21.8 kmpl
- Citroen Aircross Turbo Max: 21.8 kmpl
- Citroen Aircross Turbo Plus 7 Seater: 21.8 kmpl
- Citroen Aircross Turbo Max DT: 21.8 kmpl
- Citroen Basalt Max Turbo: 21.8 kmpl
- Citroen ...
      STATS: Overall Quality: 0.916
      STATS: Faithfulness: N/A
      STATS: Relevancy: N/A

💾 Saved intermediate results to results/intermediate_results_10.json

############################################################
Progress: 11/100 (11.0%)
TIME:  Estimated time remaining: 33.8 minutes

============================================================
TEST: Test Case #11: Tech-savvy millennial
============================================================
PREFS: Budget: ₹1,800,000-₹2,500,000 | Fuel: Hybrid | Body: SUV | Trans: Any | Seats: 8 | Features: Wireless Charging, Apple CarPlay/Android Auto

STATS: Getting recommendations...
   SUCCESS: Got 5 recommendations
   TIME:  Response time: 2.25s

   CARS: Recommended Cars:
      1. Hyundai Alcazar Platinum Diesel AT
         Price: Rs.20,90,900 | Fuel: Diesel | Trans: N/A
         Match Score: 17.000
      2. Hyundai Alcazar Platinum Diesel
         Price: Rs.19,55,900 | Fuel: Diesel | Trans: N/A
         Match Score: 17.000
      3. Hyundai Alcazar Signature Diesel AT
         Price: Rs.21,34,900 | Fuel: Diesel | Trans: N/A
         Match Score: 17.000
      4. Hyundai Alcazar Platinum
         Price: Rs.19,55,900 | Fuel: Petrol | Trans: N/A
         Match Score: 17.000
      5. Hyundai Alcazar Platinum Matte Diesel DT
         Price: Rs.19,70,900 | Fuel: Diesel | Trans: N/A
         Match Score: 17.000
   STATS: Overall Quality: 0.48
   STATS: Relevance: 0.472
   STATS: Diversity: 0.218
   STATS: NDCG@K: 1.0000
   STATS: ILD (Diversity): 0.2326
   STATS: Novelty: 0.3000
   STATS: Serendipity: 0.2100

Q💬A: Asking 3 questions...

   Q1: What features do these cars offer?
      SUCCESS: Answer generated (4.11s)
      Q💬A: Answer:  Based on the provided context, all of the Hyundai Alcazar models listed have similar features, which include:

- SUV body type
- 7 seats (with the exception of the Hyundai Alcazar Platinum 6Str Diesel AT, which has 6 seats)
- Power of 114bhp for diesel models and 158bhp for petrol models
- Manual o...
      STATS: Overall Quality: 0.758
      STATS: Faithfulness: N/A
      STATS: Relevancy: N/A

   Q2: What are the pros and cons of each?
      SUCCESS: Answer generated (3.77s)
      Q💬A: Answer:  I don't have enough information to provide specific pros and cons for each model, as the context only includes basic specifications and the comfort score. However, I can tell you that generally, when considering a car, some pros could be good fuel efficiency, high power, positive consumer reviews, ...
      STATS: Overall Quality: 0.733
      STATS: Faithfulness: N/A
      STATS: Relevancy: N/A

   Q3: Which car offers best value for money?
      SUCCESS: Answer generated (3.66s)
      Q💬A: Answer:  Based on the provided context, the Hyundai Alcazar Platinum, priced at Rs. 19,55,900, offers a good balance between features and cost. It's one of the few models with a petrol engine and a manual transmission, and it includes a sunroof among its features. However, the best value for money can depen...
      STATS: Overall Quality: 0.809
      STATS: Faithfulness: N/A
      STATS: Relevancy: N/A

############################################################
Progress: 12/100 (12.0%)
TIME:  Estimated time remaining: 32.9 minutes

============================================================
TEST: Test Case #12: Luxury comfort seeker
============================================================
PREFS: Budget: ₹2,000,000-₹3,000,000 | Fuel: Hybrid | Body: MUV | Trans: Automatic | Seats: 5 | Features: 360 Camera, Wireless Charging

STATS: Getting recommendations...
   SUCCESS: Got 5 recommendations
   TIME:  Response time: 1.93s

   CARS: Recommended Cars:
      1. Hyundai Alcazar Signature Diesel AT
         Price: Rs.21,34,900 | Fuel: Diesel | Trans: N/A
         Match Score: 25.000
      2. Hyundai Alcazar Platinum Diesel AT
         Price: Rs.20,90,900 | Fuel: Diesel | Trans: N/A
         Match Score: 25.000
      3. Hyundai Alcazar Signature Matte Diesel DT AT
         Price: Rs.21,49,900 | Fuel: Diesel | Trans: N/A
         Match Score: 25.000
      4. Hyundai Creta Electric Premium DT
         Price: Rs.20,14,900 | Fuel: Electric | Trans: N/A
         Match Score: 25.000
      5. Hyundai Alcazar Platinum DCT
         Price: Rs.20,90,900 | Fuel: Petrol | Trans: N/A
         Match Score: 25.000
   STATS: Overall Quality: 0.583
   STATS: Relevance: 0.5
   STATS: Diversity: 0.264
   STATS: NDCG@K: 1.0000
   STATS: ILD (Diversity): 0.1621
   STATS: Novelty: 0.6000
   STATS: Serendipity: 0.4200

Q💬A: Asking 3 questions...

   Q1: Which car is most comfortable for long drives?
      SUCCESS: Answer generated (3.26s)
      Q💬A: Answer:  Based on the provided context, all the cars have the same comfort score of 3.75/5. However, if we consider the seating capacity and power for long drives, Hyundai Alcazar Platinum DCT 6Str and Hyundai Alcazar Platinum Matte DT DCT, both priced at Rs. 20,99,900, would be suitable choices as they are...
      STATS: Overall Quality: 0.786
      STATS: Faithfulness: N/A
      STATS: Relevancy: N/A

   Q2: What are the pros and cons of each?
      SUCCESS: Answer generated (8.25s)
      Q💬A: Answer:  I'll provide a comparison of the key features, which can serve as the pros and cons for each. Since there are 10 cars, I'll list them side by side for easy comparison:

1. Hyundai Alcazar Signature Diesel AT:
   - Pros: Diesel engine, 7 seats, automatic transmission.
   - Cons: Fewer features, lowe...
      STATS: Overall Quality: 0.852
      STATS: Faithfulness: N/A
      STATS: Relevancy: N/A

   Q3: Are spare parts easily available?
      SUCCESS: Answer generated (3.24s)
      Q💬A: Answer:  Based on the provided context, I don't have enough information to definitively answer whether spare parts for these specific Hyundai models are easily available. However, Hyundai is a well-known brand with a wide distribution network, which typically implies that spare parts should be accessible th...
      STATS: Overall Quality: 0.748
      STATS: Faithfulness: N/A
      STATS: Relevancy: N/A

############################################################
Progress: 13/100 (13.0%)
TIME:  Estimated time remaining: 32.5 minutes

============================================================
TEST: Test Case #13: Long-distance highway driver
============================================================
PREFS: Budget: ₹500,000-₹800,000 | Fuel: Any | Body: Sedan | Trans: Manual | Seats: 8 | Features: Automatic Climate Control

STATS: Getting recommendations...
   SUCCESS: Got 5 recommendations
   TIME:  Response time: 1.54s

   CARS: Recommended Cars:
      1. Hyundai Aura E CNG
         Price: Rs.7,54,800 | Fuel: CNG | Trans: N/A
         Match Score: 23.000
      2. Hyundai Aura S
         Price: Rs.7,38,200 | Fuel: Petrol | Trans: N/A
         Match Score: 23.000
      3. Hyundai Aura E
         Price: Rs.6,54,100 | Fuel: Petrol | Trans: N/A
         Match Score: 23.000
      4. Hyundai Aura S Corporate
         Price: Rs.7,48,190 | Fuel: Petrol | Trans: N/A
         Match Score: 23.000
      5. Tata Tigor XZ Plus
         Price: Rs.7,89,990 | Fuel: Petrol | Trans: N/A
         Match Score: 26.000
   STATS: Overall Quality: 0.595
   STATS: Relevance: 0.761
   STATS: Diversity: 0.282
   STATS: NDCG@K: 1.0000
   STATS: ILD (Diversity): 0.1500

Q💬A: Asking 3 questions...

   Q1: Which is most economical to run?
      SUCCESS: Answer generated (5.24s)
      Q💬A: Answer:  Based on the claimed fuel efficiency, the Hyundai Aura E with the 1.2-liter petrol engine and manual transmission is the most economical to run among the provided options, with a fuel efficiency of 20.4 kmpl. However, if you're looking for a CNG option, the Hyundai Aura E CNG has a claimed fuel eff...
      STATS: Overall Quality: 0.909
      STATS: Faithfulness: N/A
      STATS: Relevancy: N/A

   Q2: Why is one car ranked higher than others?
      SUCCESS: Answer generated (8.68s)
      Q💬A: Answer:  The Hyundai Creta is ranked higher than the other cars mentioned due to its combination of comfort, space, features, safety, and drivability. It offers a complete package with well-sorted variants and multiple powertrain options, catering to the needs of different individuals. It has a spacious and...
      STATS: Overall Quality: 0.563
      STATS: Faithfulness: N/A
      STATS: Relevancy: N/A

   Q3: What about the ride quality?
      SUCCESS: Answer generated (5.25s)
      Q💬A: Answer:  The Hyundai Creta's suspension absorbs most of the city's rough roads and potholes, while maintaining stability and comfort over undulations or expansion joints on the highway. However, you may feel some minor movement over sharper speedbreakers or deeper potholes, and a constant up/down movement c...
      STATS: Overall Quality: 0.17
      STATS: Faithfulness: N/A
      STATS: Relevancy: N/A

############################################################
Progress: 14/100 (14.0%)
TIME:  Estimated time remaining: 32.5 minutes

============================================================
TEST: Test Case #14: Budget-conscious first-time buyer
============================================================
PREFS: Budget: ₹1,800,000-₹2,500,000 | Fuel: Diesel | Body: Crossover | Trans: Manual | Seats: 7 | Features: Automatic Climate Control, Apple CarPlay/Android Auto

STATS: Getting recommendations...
   SUCCESS: Got 5 recommendations
   TIME:  Response time: 2.15s

   CARS: Recommended Cars:
      1. Mahindra XUV700 AX7L Ebony Edition 7Str Diesel
         Price: Rs.22,39,000 | Fuel: Diesel | Trans: N/A
         Match Score: 29.000
      2. Mahindra XUV700 AX7 Ebony Edition 7Str Diesel
         Price: Rs.20,14,000 | Fuel: Diesel | Trans: N/A
         Match Score: 29.000
      3. Mahindra XUV700 AX7 7Str Diesel
         Price: Rs.19,99,000 | Fuel: Diesel | Trans: N/A
         Match Score: 29.000
      4. Mahindra XUV700 AX5 S E 7Str Diesel
         Price: Rs.18,23,997 | Fuel: Diesel | Trans: N/A
         Match Score: 29.000
      5. Mahindra XUV700 AX5 7 Str Diesel
         Price: Rs.19,03,999 | Fuel: Diesel | Trans: N/A
         Match Score: 29.000
   STATS: Overall Quality: 0.509
   STATS: Relevance: 0.69
   STATS: Diversity: 0.174
   STATS: NDCG@K: 1.0000
   STATS: ILD (Diversity): 0.0195
   STATS: Novelty: 0.5000
   STATS: Serendipity: 0.3500

Q💬A: Asking 3 questions...

   Q1: Which has the best resale value?
      SUCCESS: Answer generated (3.29s)
      Q💬A: Answer:  I don't have enough information to accurately determine resale value as it depends on various factors such as market conditions, vehicle age, mileage, and maintenance history. However, generally speaking, more expensive and newer models like the Mahindra XUV700 AX7L Ebony Edition 7Str Diesel might ...
      STATS: Overall Quality: 0.634
      STATS: Faithfulness: N/A
      STATS: Relevancy: N/A

   Q2: What are the main differences between these cars?
      SUCCESS: Answer generated (3.70s)
      Q💬A: Answer:  The main differences between these cars are:

1. Price: Prices range from around 18 lakhs to 22 lakhs.
2. Power: Some cars have 172bhp of power, while others have 182bhp.
3. Features: While all cars come with a sunroof, Apple CarPlay/Android Auto, and ventilated seats, only some of them have a comf...
      STATS: Overall Quality: 0.891
      STATS: Faithfulness: N/A
      STATS: Relevancy: N/A

   Q3: How is the rear seat comfort?
      SUCCESS: Answer generated (3.56s)
      Q💬A: Answer:  Based on the provided context, all the Mahindra XUV700 and Scorpio N models listed have a 7-seater configuration with similar features in terms of sunroof, Apple CarPlay/Android Auto, and ventilated seats. The comfort score for the rear seats is 3.75 for the XUV700 AX7L, AX7, and Scorpio N Z8 Carbo...
      STATS: Overall Quality: 0.81
      STATS: Faithfulness: N/A
      STATS: Relevancy: N/A

############################################################
Progress: 15/100 (15.0%)
TIME:  Estimated time remaining: 31.7 minutes

============================================================
TEST: Test Case #15: City driver with parking concerns
============================================================
PREFS: Budget: ₹1,500,000-₹2,000,000 | Fuel: Electric | Body: Sedan | Trans: Manual | Seats: 5 | Features: Sunroof, Automatic Climate Control, Ventilated Seats

STATS: Getting recommendations...
   SUCCESS: Got 5 recommendations
   TIME:  Response time: 1.36s

   CARS: Recommended Cars:
      1. Hyundai Verna SX Turbo
         Price: Rs.15,00,400 | Fuel: Petrol | Trans: N/A
         Match Score: 28.000
      2. Hyundai Verna SX Turbo DT
         Price: Rs.15,00,400 | Fuel: Petrol | Trans: N/A
         Match Score: 28.000
      3. Volkswagen Virtus Topline ES
         Price: Rs.15,59,900 | Fuel: Petrol | Trans: N/A
         Match Score: 28.000
      4. Hyundai Verna SX Opt Turbo
         Price: Rs.16,15,800 | Fuel: Petrol | Trans: N/A
         Match Score: 28.000
      5. Hyundai Verna SX Opt Turbo DT
         Price: Rs.16,15,800 | Fuel: Petrol | Trans: N/A
         Match Score: 28.000
   STATS: Overall Quality: 0.301
   STATS: Relevance: 0.622
   STATS: Diversity: 0.227
   STATS: NDCG@K: 1.0000
   STATS: ILD (Diversity): 0.0540
   STATS: Novelty: 0.3400
   STATS: Serendipity: 0.2380

Q💬A: Asking 3 questions...

   Q1: Which is most economical to run?
      SUCCESS: Answer generated (2.99s)
      Q💬A: Answer:  Based on the provided context, the Skoda Slavia 1.0L Monte Carlo and Skoda Slavia 1.0L Prestige are the most economical cars to run, as they have the lowest power output of 114bhp from their 1.0L engines. Generally, cars with lower power output consume less fuel. However, other factors like driving...
      STATS: Overall Quality: 0.87
      STATS: Faithfulness: N/A
      STATS: Relevancy: N/A

   Q2: How do these cars compare overall?
      SUCCESS: Answer generated (6.05s)
      Q💬A: Answer:  Based on the provided context, here's a concise comparison:

All cars are petrol, sedan types with manual transmission, Apple CarPlay/Android Auto, and seat 5. They vary in power and comfort score.

- Hyundai Verna SX Turbo & SX Turbo DT, and Skoda Slavia 1.0L Monte Carlo have the highest power of ...
      STATS: Overall Quality: 0.865
      STATS: Faithfulness: N/A
      STATS: Relevancy: N/A

   Q3: What safety features are included?
      SUCCESS: Answer generated (3.06s)
      Q💬A: Answer:  All cars listed have Apple CarPlay and Android Auto. For specific safety features of each car, I don't have enough information as it's not provided in the context. This information would typically include aspects like airbags, anti-lock braking system (ABS), rearview cameras, and more. I recommend ...
      STATS: Overall Quality: 0.633
      STATS: Faithfulness: N/A
      STATS: Relevancy: N/A

############################################################
Progress: 16/100 (16.0%)
TIME:  Estimated time remaining: 30.9 minutes

============================================================
TEST: Test Case #16: Senior citizen looking for comfort
============================================================
PREFS: Budget: ₹800,000-₹1,200,000 | Fuel: Petrol | Body: MUV | Trans: Automatic | Seats: 8 | Features: Ventilated Seats, Sunroof, Automatic Climate Control

STATS: Getting recommendations...
   SUCCESS: Got 5 recommendations
   TIME:  Response time: 1.85s

   CARS: Recommended Cars:
      1. Honda Amaze V CVT
         Price: Rs.9,34,900 | Fuel: Petrol | Trans: N/A
         Match Score: 24.000
      2. Hyundai Exter S AMT
         Price: Rs.8,43,790 | Fuel: Petrol | Trans: N/A
         Match Score: 24.000
      3. Hyundai Exter SX Opt AMT
         Price: Rs.9,62,200 | Fuel: Petrol | Trans: N/A
         Match Score: 24.000
      4. Hyundai Exter SX DT AMT
         Price: Rs.9,23,200 | Fuel: Petrol | Trans: N/A
         Match Score: 24.000
      5. Hyundai Exter S Plus AMT
         Price: Rs.8,63,790 | Fuel: Petrol | Trans: N/A
         Match Score: 24.000
   STATS: Overall Quality: 0.489
   STATS: Relevance: 0.533
   STATS: Diversity: 0.28
   STATS: NDCG@K: 1.0000
   STATS: ILD (Diversity): 0.1479
   STATS: Novelty: 0.3000
   STATS: Serendipity: 0.2100

Q💬A: Asking 3 questions...

   Q1: Which car is most comfortable for long drives?
      SUCCESS: Answer generated (3.52s)
      Q💬A: Answer:  Based on the provided context, the Hyundai Exter SX DT AMT and the Hyundai Exter SX Tech AMT are tied for the highest comfort score of 3.75/5 in the compact SUV category, which might make them suitable for long drives. However, if you prefer a sedan, the Honda Amaze V CVT and Honda Amaze VX CVT als...
      STATS: Overall Quality: 0.815
      STATS: Faithfulness: N/A
      STATS: Relevancy: N/A

   Q2: Which car should I choose and why?
      SUCCESS: Answer generated (4.03s)
      Q💬A: Answer:  I don't have enough information to choose the best car for you as I don't know your preferences and requirements. However, if you're looking for a high comfort score, the Hyundai Exter SX Opt AMT, Hyundai Exter SX DT AMT, Honda Amaze VX CVT, and Hyundai Exter SX Tech AMT could be good options, all ...
      STATS: Overall Quality: 0.846
      STATS: Faithfulness: N/A
      STATS: Relevancy: N/A

   Q3: How is the engine power comparison?
      SUCCESS: Answer generated (2.24s)
      Q💬A: Answer:  The Honda Amaze V CVT and Honda Amaze VX CVT have a higher engine power of 89bhp, while the other cars listed have 81bhp or 82bhp.
      STATS: Overall Quality: 0.882
      STATS: Faithfulness: N/A
      STATS: Relevancy: N/A

############################################################
Progress: 17/100 (17.0%)
TIME:  Estimated time remaining: 30.1 minutes

============================================================
TEST: Test Case #17: Budget-conscious first-time buyer
============================================================
PREFS: Budget: ₹2,500,000-₹4,000,000 | Fuel: CNG | Body: Any | Trans: Manual | Seats: 8 | Features: Apple CarPlay/Android Auto, Automatic Climate Control

STATS: Getting recommendations...
   SUCCESS: Got 5 recommendations
   TIME:  Response time: 1.95s

   CARS: Recommended Cars:
      1. Toyota Innova Crysta 2.4 VX 8Str
         Price: Rs.25,19,000 | Fuel: Diesel | Trans: N/A
         Match Score: 21.000
      2. Toyota Fortuner 4X2
         Price: Rs.33,78,000 | Fuel: Petrol | Trans: N/A
         Match Score: 16.000
      3. Tata Safari Accomplished Plus Dark 6S
         Price: Rs.25,59,990 | Fuel: Diesel | Trans: N/A
         Match Score: 16.000
      4. Toyota Fortuner 4X2 Diesel
         Price: Rs.36,33,000 | Fuel: Diesel | Trans: N/A
         Match Score: 16.000
      5. Tata Safari Accomplished Plus Dark
         Price: Rs.25,29,990 | Fuel: Diesel | Trans: N/A
         Match Score: 16.000
   STATS: Overall Quality: 0.493
   STATS: Relevance: 0.486
   STATS: Diversity: 0.353
   STATS: NDCG@K: 1.0000
   STATS: ILD (Diversity): 0.2835
   STATS: Novelty: 0.3000
   STATS: Serendipity: 0.2100

Q💬A: Asking 3 questions...

   Q1: Which car offers best value for money?
      SUCCESS: Answer generated (3.37s)
      Q💬A: Answer:  Based on the provided information, the Maruti Invicto Zeta Plus 8Str seems to offer good value for money. It has 8 seats, an automatic transmission (which is less common in this list), a power output of 150bhp, and a comfort score of 4.0/5, all for a price of around Rs. 25,56,000. However, the best...
      STATS: Overall Quality: 0.783
      STATS: Faithfulness: N/A
      STATS: Relevancy: N/A

   Q2: What are the main differences between these cars?
      SUCCESS: Answer generated (2.37s)
      Q💬A: Answer:  The main differences between these cars are:

1. Type: They are either MPVs (Multi-Purpose Vehicles) or SUVs (Sport Utility Vehicles). The MPVs include Toyota Innova Crysta 2.
      STATS: Overall Quality: 0.872
      STATS: Faithfulness: N/A
      STATS: Relevancy: N/A

   Q3: Do these cars have Apple CarPlay?
      SUCCESS: Answer generated (2.96s)
      Q💬A: Answer:  Yes, the following cars have Apple CarPlay: Toyota Innova Crysta 2.4 VX 8Str, Toyota Fortuner 4X2, Toyota Fortuner 4X2 Diesel, Tata Safari Accomplished Plus Dark 6S, Tata Safari Accomplished Plus Dark, Tata Safari Accomplished Plus 6S, Tata Safari Accomplished Plus Stealth, Maruti Invicto Zeta Plus...
      STATS: Overall Quality: 0.904
      STATS: Faithfulness: N/A
      STATS: Relevancy: N/A

############################################################
Progress: 18/100 (18.0%)
TIME:  Estimated time remaining: 29.3 minutes

============================================================
TEST: Test Case #18: Growing family with kids
============================================================
PREFS: Budget: ₹800,000-₹1,200,000 | Fuel: Petrol | Body: MUV | Trans: Manual | Seats: 7 | Features: Lane Assist

STATS: Getting recommendations...
   SUCCESS: Got 5 recommendations
   TIME:  Response time: 1.64s

   CARS: Recommended Cars:
      1. Toyota Rumion S
         Price: Rs.10,54,000 | Fuel: Petrol | Trans: N/A
         Match Score: 29.000
      2. Toyota Rumion G
         Price: Rs.11,70,000 | Fuel: Petrol | Trans: N/A
         Match Score: 29.000
      3. Maruti Ertiga Tour STD
         Price: Rs.9,75,000 | Fuel: Petrol | Trans: N/A
         Match Score: 29.000
      4. Maruti Ertiga VXi (O)
         Price: Rs.9,93,000 | Fuel: Petrol | Trans: N/A
         Match Score: 29.000
      5. Maruti Ertiga Lxi (O)
         Price: Rs.8,84,000 | Fuel: Petrol | Trans: N/A
         Match Score: 29.000
   STATS: Overall Quality: 0.644
   STATS: Relevance: 0.744
   STATS: Diversity: 0.239
   STATS: NDCG@K: 1.0000
   STATS: ILD (Diversity): 0.0928
   STATS: Novelty: 0.3000
   STATS: Serendipity: 0.2100

Q💬A: Asking 3 questions...

   Q1: What is the mileage of these cars?
      SUCCESS: Answer generated (2.46s)
      Q💬A: Answer:  I don't have the specific mileage details for each car in the provided context, as it focuses on price, fuel type, vehicle class, transmission, seating capacity, power, features, and comfort score.
      STATS: Overall Quality: 0.427
      STATS: Faithfulness: N/A
      STATS: Relevancy: N/A

   Q2: Why is one car ranked higher than others?
      SUCCESS: Answer generated (3.61s)
      Q💬A: Answer:  A car is ranked higher than others based on specific criteria, such as power, features, and comfort score. For instance, in your context, the Maruti Ertiga ZXI Plus is ranked higher due to its higher comfort score of 3.75/5 compared to the Toyota Rumion S's 3.25/5. Additionally, the Ertiga ZXI Plus...
      STATS: Overall Quality: 0.868
      STATS: Faithfulness: N/A
      STATS: Relevancy: N/A

   Q3: Tell me about the safety ratings of these cars
      SUCCESS: Answer generated (1.93s)
      Q💬A: Answer:  I don't have safety ratings for these specific models in the provided context. Safety ratings can be found from organizations like the Global NCAP or the National Highway Traffic Safety Administration, but this information was not included in the context provided.
      STATS: Overall Quality: 0.42
      STATS: Faithfulness: N/A
      STATS: Relevancy: N/A

############################################################
Progress: 19/100 (19.0%)
TIME:  Estimated time remaining: 28.4 minutes

============================================================
TEST: Test Case #19: Ride-sharing driver
============================================================
PREFS: Budget: ₹600,000-₹1,000,000 | Fuel: Diesel | Body: SUV | Trans: Any | Seats: 8 | Features: Apple CarPlay/Android Auto

STATS: Getting recommendations...
   SUCCESS: Got 5 recommendations
   TIME:  Response time: 1.87s

   CARS: Recommended Cars:
      1. Mahindra Bolero B4
         Price: Rs.9,79,400 | Fuel: Diesel | Trans: N/A
         Match Score: 25.000
      2. Mahindra Bolero B6
         Price: Rs.9,99,901 | Fuel: Diesel | Trans: N/A
         Match Score: 25.000
      3. Mahindra Bolero Neo Plus P4
         Price: Rs.11,39,000 | Fuel: Diesel | Trans: N/A
         Match Score: 25.000
      4. Mahindra Bolero Neo N4
         Price: Rs.9,94,599 | Fuel: Diesel | Trans: N/A
         Match Score: 25.000
      5. Tata Curvv Smart Diesel
         Price: Rs.11,49,990 | Fuel: Diesel | Trans: N/A
         Match Score: 20.000
   STATS: Overall Quality: 0.594
   STATS: Relevance: 0.788
   STATS: Diversity: 0.234
   STATS: NDCG@K: 1.0000
   STATS: ILD (Diversity): 0.0634
   STATS: Novelty: 0.1600
   STATS: Serendipity: 0.1120

Q💬A: Asking 3 questions...

   Q1: Which car should I choose and why?
      SUCCESS: Answer generated (2.92s)
      Q💬A: Answer:  I don't have enough information to choose the best car for you as I don't know your preferences, budget, or specific needs. However, based on the given context, the Kia Syros HTK Opt Diesel could be a good choice for some buyers. It has a competitive price, decent power, and features like Apple Car...
      STATS: Overall Quality: 0.761
      STATS: Faithfulness: N/A
      STATS: Relevancy: N/A

   Q2: What are the main differences between these cars?
      SUCCESS: Answer generated (3.77s)
      Q💬A: Answer:  The main differences between these cars are:

1. Price: Prices range from Rs. 9,94,599 to Rs. 11,49,990 (all prices are approximate).

2. Seating Capacity: The number of seats varies from 5 to 9.

3. Power: The power output of the engines ranges from 74bhp to 118bhp.

4. Features: Some models come ...
      STATS: Overall Quality: 0.873
      STATS: Faithfulness: N/A
      STATS: Relevancy: N/A

   Q3: Which is the most affordable option?
      SUCCESS: Answer generated (1.81s)
      Q💬A: Answer:  The most affordable option is the Mahindra Bolero Neo N4, priced at Rs. 9,94,599.
      STATS: Overall Quality: 0.876
      STATS: Faithfulness: N/A
      STATS: Relevancy: N/A

############################################################
Progress: 20/100 (20.0%)
TIME:  Estimated time remaining: 27.7 minutes

============================================================
TEST: Test Case #20: Business executive
============================================================
PREFS: Budget: ₹1,500,000-₹2,000,000 | Fuel: Petrol | Body: MUV | Trans: Any | Seats: 7 | Features: Ventilated Seats

STATS: Getting recommendations...
   SUCCESS: Got 5 recommendations
   TIME:  Response time: 1.87s

   CARS: Recommended Cars:
      1. Mahindra XUV700 AX5 S 7 Str
         Price: Rs.16,88,998 | Fuel: Petrol | Trans: N/A
         Match Score: 26.000
      2. Mahindra XUV700 AX5 7 Str
         Price: Rs.18,83,999 | Fuel: Petrol | Trans: N/A
         Match Score: 26.000
      3. Mahindra XUV700 AX5 S 7 Str AT
         Price: Rs.18,63,999 | Fuel: Petrol | Trans: N/A
         Match Score: 26.000
      4. Mahindra XUV700 AX5 S E 7Str
         Price: Rs.17,38,998 | Fuel: Petrol | Trans: N/A
         Match Score: 26.000
      5. Mahindra Scorpio N Z8
         Price: Rs.18,99,400 | Fuel: Petrol | Trans: N/A
         Match Score: 26.000
   STATS: Overall Quality: 0.626
   STATS: Relevance: 0.697
   STATS: Diversity: 0.169
   STATS: NDCG@K: 1.0000
   STATS: ILD (Diversity): 0.1023
   STATS: Novelty: 0.5000
   STATS: Serendipity: 0.3500

Q💬A: Asking 3 questions...

   Q1: What are the main differences between these cars?
      SUCCESS: Answer generated (4.17s)
      Q💬A: Answer:  The main differences between these Mahindra cars are:

1. Price: Prices range from Rs. 15,63,699 to Rs. 19,19,400.
2. Transmission: Some models have manual transmissions, while others have automatic.
3. Comfort Score: Scores range from 3.5/5 to 3.75/5.
4. Features: Some models include a sunroof, wh...
      STATS: Overall Quality: 0.882
      STATS: Faithfulness: N/A
      STATS: Relevancy: N/A

   Q2: What are the pros and cons of each?
      SUCCESS: Answer generated (5.41s)
      Q💬A: Answer:  I'll provide a comparison of the Mahindra XUV700 and Scorpio N models based on the given context.

1. Mahindra XUV700 AX5 S 7 Str, AX5 7 Str, AX5 S 7 Str AT, AX5 S E 7Str
   - Pros: Sunroof, Apple CarPlay/Android Auto, ventilated seats, 197bhp power, and 7-seater configuration.
   - Cons: Similar c...
      STATS: Overall Quality: 0.845
      STATS: Faithfulness: N/A
      STATS: Relevancy: N/A

   Q3: Which one is safest for family?
      SUCCESS: Answer generated (2.81s)
      Q💬A: Answer:  Based on the provided context, all the vehicles listed are SUVs from Mahindra with a 7-seater capacity, petrol engines, and similar power output. They all feature Apple CarPlay/Android Auto and ventilated seats. 

However, the context does not provide specific safety ratings or features like airbag...
      STATS: Overall Quality: 0.72
      STATS: Faithfulness: N/A
      STATS: Relevancy: N/A

💾 Saved intermediate results to results/intermediate_results_20.json

############################################################
Progress: 21/100 (21.0%)
TIME:  Estimated time remaining: 27.3 minutes

============================================================
TEST: Test Case #21: College student on tight budget
============================================================
PREFS: Budget: ₹800,000-₹1,200,000 | Fuel: Diesel | Body: Sedan | Trans: Any | Seats: 5 | Features: Apple CarPlay/Android Auto

STATS: Getting recommendations...
   SUCCESS: Got 5 recommendations
   TIME:  Response time: 2.03s

   CARS: Recommended Cars:
      1. Hyundai Venue S Plus Diesel
         Price: Rs.10,79,700 | Fuel: Diesel | Trans: N/A
         Match Score: 25.000
      2. Tata Nexon Smart Plus Diesel
         Price: Rs.9,99,990 | Fuel: Diesel | Trans: N/A
         Match Score: 25.000
      3. Tata Nexon Pure Plus Diesel AMT
         Price: Rs.11,69,990 | Fuel: Diesel | Trans: N/A
         Match Score: 25.000
      4. Tata Curvv Smart Diesel
         Price: Rs.11,49,990 | Fuel: Diesel | Trans: N/A
         Match Score: 25.000
      5. Tata Nexon Smart Plus S Diesel
         Price: Rs.10,29,990 | Fuel: Diesel | Trans: N/A
         Match Score: 25.000
   STATS: Overall Quality: 0.508
   STATS: Relevance: 0.697
   STATS: Diversity: 0.282
   STATS: NDCG@K: 1.0000
   STATS: ILD (Diversity): 0.2401
   STATS: Novelty: 0.3000
   STATS: Serendipity: 0.2100

Q💬A: Asking 3 questions...

   Q1: Which has the best resale value?
      SUCCESS: Answer generated (2.53s)
      Q💬A: Answer:  I don't have enough information to provide the resale value of these models as it depends on various factors like model age, condition, mileage, and market demand. However, Tata cars are generally known for having a good resale value in the Indian market.
      STATS: Overall Quality: 0.615
      STATS: Faithfulness: N/A
      STATS: Relevancy: N/A

   Q2: Which car should I choose and why?
      SUCCESS: Answer generated (3.74s)
      Q💬A: Answer:  Based on the information provided, if you're looking for a Diesel, Compact SUV with Apple CarPlay/Android Auto, a good comfort score, and manual transmission at a reasonable price, the Kia Sonet HTK (O) Diesel could be a good choice with a power of 114bhp, comfort score of 3.75/5, and price of Rs. ...
      STATS: Overall Quality: 0.779
      STATS: Faithfulness: N/A
      STATS: Relevancy: N/A

   Q3: Which has the lowest service cost?
      SUCCESS: Answer generated (2.16s)
      Q💬A: Answer:  Based on the provided context, the cars mentioned do not include information about their service costs. Therefore, I don't have enough information to provide a specific answer. I recommend checking the manufacturers' official websites or contacting dealerships for accurate and detailed service cost...
      STATS: Overall Quality: 0.685
      STATS: Faithfulness: N/A
      STATS: Relevancy: N/A

############################################################
Progress: 22/100 (22.0%)
TIME:  Estimated time remaining: 26.6 minutes

============================================================
TEST: Test Case #22: Long-distance highway driver
============================================================
PREFS: Budget: ₹1,200,000-₹1,800,000 | Fuel: Any | Body: Sedan | Trans: Automatic | Seats: 8 | Features: Automatic Climate Control

STATS: Getting recommendations...
   SUCCESS: Got 5 recommendations
   TIME:  Response time: 2.02s

   CARS: Recommended Cars:
      1. Hyundai Verna S iVT
         Price: Rs.13,62,400 | Fuel: Petrol | Trans: N/A
         Match Score: 23.000
      2. Hyundai Verna SX IVT
         Price: Rs.14,40,400 | Fuel: Petrol | Trans: N/A
         Match Score: 23.000
      3. Maruti Ciaz Alpha AT
         Price: Rs.12,29,500 | Fuel: Petrol | Trans: N/A
         Match Score: 23.000
      4. Hyundai Verna SX Opt IVT
         Price: Rs.16,36,400 | Fuel: Petrol | Trans: N/A
         Match Score: 23.000
      5. Honda City V Apex Edition CVT
         Price: Rs.14,55,000 | Fuel: Petrol | Trans: N/A
         Match Score: 23.000
   STATS: Overall Quality: 0.62
   STATS: Relevance: 0.742
   STATS: Diversity: 0.299
   STATS: NDCG@K: 1.0000
   STATS: ILD (Diversity): 0.1039

Q💬A: Asking 3 questions...

   Q1: What is the mileage of these cars?
      SUCCESS: Answer generated (8.52s)
      Q💬A: Answer:  Here are the claimed fuel efficiencies for each car:

1. Hyundai Verna S iVT: 17.4 kmpl
2. Hyundai Verna SX IVT: 17.4 kmpl
3. Maruti Ciaz Alpha AT: 20.25 kmpl
4. Hyundai Verna SX Opt IVT: 17.4 kmpl
5. Honda City V Apex Edition CVT: 18.4 kmpl
6. Honda City V CVT: 18.4 kmpl
7. Honda City V Elegant CV...
      STATS: Overall Quality: 0.873
      STATS: Faithfulness: N/A
      STATS: Relevancy: N/A

   Q2: How do these cars compare overall?
      SUCCESS: Answer generated (14.95s)
      Q💬A: Answer:  Based on the provided context, the following cars are being compared: Hyundai Verna S iVT, Hyundai Verna SX IVT, Maruti Ciaz Alpha AT, Hyundai Verna SX Opt IVT, Honda City V Apex Edition CVT, Honda City V CVT, Honda City V Elegant CVT, Hyundai Verna SX Opt Turbo DCT, Hyundai Verna S Opt Turbo DCT, ...
      STATS: Overall Quality: 0.83
      STATS: Faithfulness: N/A
      STATS: Relevancy: N/A

   Q3: Tell me about the driving experience
      SUCCESS: Answer generated (6.11s)
      Q💬A: Answer:  The Hyundai Verna S iVT, SX IVT, and SX Opt IVT are equipped with a 1.5L Petrol engine that produces 113bhp of power. These models come with an automatic transmission and have a seating capacity of 5.0. The driving experience is smooth and refined, making them suitable for city driving. The automat...
      STATS: Overall Quality: 0.859
      STATS: Faithfulness: N/A
      STATS: Relevancy: N/A

############################################################
Progress: 23/100 (23.0%)
TIME:  Estimated time remaining: 27.3 minutes

============================================================
TEST: Test Case #23: College student on tight budget
============================================================
PREFS: Budget: ₹2,000,000-₹3,000,000 | Fuel: Petrol | Body: SUV | Trans: Automatic | Seats: 8 | Features: Automatic Climate Control, Apple CarPlay/Android Auto

STATS: Getting recommendations...
   SUCCESS: Got 5 recommendations
   TIME:  Response time: 1.75s

   CARS: Recommended Cars:
      1. Mahindra Scorpio N Z8 Carbon Edition AT
         Price: Rs.20,70,000 | Fuel: Petrol | Trans: N/A
         Match Score: 31.000
      2. Mahindra Scorpio N Z8L Carbon Edition AT
         Price: Rs.22,31,200 | Fuel: Petrol | Trans: N/A
         Match Score: 31.000
      3. Mahindra Scorpio N Z8L AT
         Price: Rs.22,11,199 | Fuel: Petrol | Trans: N/A
         Match Score: 31.000
      4. Mahindra Scorpio N Z8 AT
         Price: Rs.20,50,000 | Fuel: Petrol | Trans: N/A
         Match Score: 31.000
      5. Mahindra Scorpio N Z8L 6 Str AT
         Price: Rs.22,29,700 | Fuel: Petrol | Trans: N/A
         Match Score: 31.000
   STATS: Overall Quality: 0.484
   STATS: Relevance: 0.738
   STATS: Diversity: 0.167
   STATS: NDCG@K: 1.0000
   STATS: ILD (Diversity): 0.0104
   STATS: Novelty: 0.2000
   STATS: Serendipity: 0.1400

Q💬A: Asking 3 questions...

   Q1: Are there any hidden costs I should know?
      SUCCESS: Answer generated (3.79s)
      Q💬A: Answer:  Based on the provided context, there are no mentions of hidden costs for the Mahindra Scorpio N Z8 Carbon Edition AT, Mahindra Scorpio N Z8L Carbon Edition AT, Mahindra Scorpio N Z8L AT, Mahindra Scorpio N Z8 AT, Mahindra Scorpio N Z8L 6 Str AT, Hyundai Tucson Platinum AT, Kia Seltos X-Line Turbo D...
      STATS: Overall Quality: 0.887
      STATS: Faithfulness: N/A
      STATS: Relevancy: N/A

   Q2: What are the pros and cons of each?
      SUCCESS: Answer generated (3.99s)
      Q💬A: Answer:  Here are the pros and cons of the Hyundai Creta:

Pros:
1. Improved styling with a more sophisticated appearance
2. Better interior design and improved quality for a better in-cabin experience
3. Packed with features, including dual 10.25” displays, Level 2 ADAS, a panoramic sunroof

Cons:
1. Shall...
      STATS: Overall Quality: 0.246
      STATS: Faithfulness: N/A
      STATS: Relevancy: N/A

   Q3: Which car has the most technology features?
      SUCCESS: Answer generated (4.30s)
      Q💬A: Answer:  The Mahindra Scorpio N Z8L Carbon Edition AT, Hyundai Tucson Platinum AT, Kia Seltos X-Line Turbo DCT, Hyundai Alcazar Platinum DCT, Hyundai Creta SX (O) Turbo DCT, and Hyundai Creta SX (O) Turbo DCT DT all have similar technology features, including Apple CarPlay/Android Auto, sunroof, and a high-...
      STATS: Overall Quality: 0.795
      STATS: Faithfulness: N/A
      STATS: Relevancy: N/A

############################################################
Progress: 24/100 (24.0%)
TIME:  Estimated time remaining: 26.8 minutes

============================================================
TEST: Test Case #24: Senior citizen looking for comfort
============================================================
PREFS: Budget: ₹500,000-₹800,000 | Fuel: Any | Body: Any | Trans: Automatic | Seats: 7 | Features: Ventilated Seats, Sunroof, Automatic Climate Control

STATS: Getting recommendations...
   SUCCESS: Got 5 recommendations
   TIME:  Response time: 1.73s

   CARS: Recommended Cars:
      1. Maruti Swift VXi AMT
         Price: Rs.7,79,500 | Fuel: Petrol | Trans: N/A
         Match Score: 16.000
      2. Maruti Celerio VXI AMT
         Price: Rs.6,49,500 | Fuel: Petrol | Trans: N/A
         Match Score: 16.000
      3. Maruti Celerio ZXI AMT
         Price: Rs.6,89,000 | Fuel: Petrol | Trans: N/A
         Match Score: 16.000
      4. Maruti Ignis Delta AMT
         Price: Rs.6,89,000 | Fuel: Petrol | Trans: N/A
         Match Score: 16.000
      5. Maruti Celerio ZXI Plus AMT
         Price: Rs.7,37,000 | Fuel: Petrol | Trans: N/A
         Match Score: 16.000
   STATS: Overall Quality: 0.551
   STATS: Relevance: 0.533
   STATS: Diversity: 0.173
   STATS: NDCG@K: 1.0000
   STATS: ILD (Diversity): 0.0182

Q💬A: Asking 3 questions...

   Q1: Which car is most comfortable for long drives?
      SUCCESS: Answer generated (2.19s)
      Q💬A: Answer:  The Hyundai Grand i10 Nios Corporate AMT is the most comfortable car for long drives in this list, with a comfort score of 3.5/5.
      STATS: Overall Quality: 0.213
      STATS: Faithfulness: N/A
      STATS: Relevancy: N/A

   Q2: Which car should I choose and why?
      SUCCESS: Answer generated (3.27s)
      Q💬A: Answer:  I don't have enough information to choose the best car for you as the answer depends on your specific needs and preferences. However, based on the provided context, the Hyundai Grand i10 Nios Corporate AMT offers the highest comfort score (3.5/5) and power (82bhp) among the listed cars with automat...
      STATS: Overall Quality: 0.508
      STATS: Faithfulness: N/A
      STATS: Relevancy: N/A

   Q3: Which is most economical to run?
      SUCCESS: Answer generated (2.74s)
      Q💬A: Answer:  The most economical car to run in terms of lower price and higher mileage is the Maruti Alto K10 VXI Plus AT with a price of Rs. 6,09,499 and 24.07 kmpl. However, if we consider only the mileage, then Hyundai Grand i10 Nios Corporate AMT is the best with 25.1 kmpl, but it's more expensive.
      STATS: Overall Quality: 0.359
      STATS: Faithfulness: N/A
      STATS: Relevancy: N/A

############################################################
Progress: 25/100 (25.0%)
TIME:  Estimated time remaining: 26.1 minutes

============================================================
TEST: Test Case #25: College student on tight budget
============================================================
PREFS: Budget: ₹800,000-₹1,200,000 | Fuel: Any | Body: Crossover | Trans: Manual | Seats: 8 | Features: Apple CarPlay/Android Auto, Automatic Climate Control

STATS: Getting recommendations...
   SUCCESS: Got 5 recommendations
   TIME:  Response time: 1.77s

   CARS: Recommended Cars:
      1. Hyundai Venue S Opt Turbo
         Price: Rs.10,84,200 | Fuel: Petrol | Trans: N/A
         Match Score: 19.000
      2. Mahindra Bolero Neo Plus P4
         Price: Rs.11,39,000 | Fuel: Diesel | Trans: N/A
         Match Score: 24.000
      3. Hyundai Venue Executive Turbo
         Price: Rs.9,99,990 | Fuel: Petrol | Trans: N/A
         Match Score: 19.000
      4. Kia Sonet HTK Turbo iMT
         Price: Rs.9,65,900 | Fuel: Petrol | Trans: N/A
         Match Score: 19.000
      5. Kia Sonet HTK (O) Turbo iMT
         Price: Rs.9,99,900 | Fuel: Petrol | Trans: N/A
         Match Score: 19.000
   STATS: Overall Quality: 0.631
   STATS: Relevance: 0.5
   STATS: Diversity: 0.392
   STATS: NDCG@K: 1.0000
   STATS: ILD (Diversity): 0.2839
   STATS: Novelty: 0.4200
   STATS: Serendipity: 0.2940

Q💬A: Asking 3 questions...

   Q1: What is the price difference between these options?
      SUCCESS: Answer generated (2.52s)
      Q💬A: Answer:  I need more information to answer your question. Could you please specify the exact car models or options you would like to know the price difference between? I have the prices of various car models in my context, but I need a more specific comparison.
      STATS: Overall Quality: 0.584
      STATS: Faithfulness: N/A
      STATS: Relevancy: N/A

   Q2: What are the main differences between these cars?
      SUCCESS: Answer generated (9.27s)
      Q💬A: Answer:  The main differences between these cars are:

1. Type: They include Compact SUVs (Hyundai Venue S Opt Turbo, Hyundai Venue Executive Turbo, Hyundai Venue S Plus Diesel, Kia Sonet HTK Turbo iMT, Kia Sonet HTK (O) Turbo iMT), an SUV (Mahindra Bolero Neo Plus P4), a Hatchback (Hyundai i20 N-Line N8 Du...
      STATS: Overall Quality: 0.878
      STATS: Faithfulness: N/A
      STATS: Relevancy: N/A

   Q3: How is the engine power comparison?
      SUCCESS: Answer generated (2.36s)
      Q💬A: Answer:  All the vehicles listed have an engine power of 118bhp, except for the Hyundai Venue S Plus Diesel, which has a power of 114bhp.
      STATS: Overall Quality: 0.874
      STATS: Faithfulness: N/A
      STATS: Relevancy: N/A

############################################################
Progress: 26/100 (26.0%)
TIME:  Estimated time remaining: 25.8 minutes

============================================================
TEST: Test Case #26: Status-conscious buyer
============================================================
PREFS: Budget: ₹1,200,000-₹1,800,000 | Fuel: Electric | Body: SUV | Trans: Automatic | Seats: 7 | Features: Ventilated Seats, Sunroof

STATS: Getting recommendations...
   SUCCESS: Got 5 recommendations
   TIME:  Response time: 1.70s

   CARS: Recommended Cars:
      1. MG Windsor EV Essence
         Price: Rs.15,99,800 | Fuel: Electric | Trans: N/A
         Match Score: 33.000
      2. Tata Curvv EV Creative 45
         Price: Rs.17,49,000 | Fuel: Electric | Trans: N/A
         Match Score: 33.000
      3. Mahindra Scorpio N Z4 Diesel AT
         Price: Rs.17,70,200 | Fuel: Diesel | Trans: N/A
         Match Score: 30.000
      4. Mahindra BE 6 Pack One
         Price: Rs.18,90,000 | Fuel: Electric | Trans: N/A
         Match Score: 28.000
      5. MG Windsor EV Exclusive
         Price: Rs.14,99,800 | Fuel: Electric | Trans: N/A
         Match Score: 33.000
   STATS: Overall Quality: 0.636
   STATS: Relevance: 0.724
   STATS: Diversity: 0.346
   STATS: NDCG@K: 0.9869
   STATS: ILD (Diversity): 0.2011
   STATS: Novelty: 0.2200
   STATS: Serendipity: 0.1540

Q💬A: Asking 3 questions...

   Q1: How do these cars compare overall?
      SUCCESS: Answer generated (5.21s)
      Q💬A: Answer:  Based on the provided context, here's a concise comparison:

1. MG Windsor EV Essence and MG Windsor EV Exclusive are similarly priced electric SUVs with the same power but differ in features and comfort score.
2. Tata Curvv EV Creative 45 is slightly more expensive than the MG Windsor EV models, h...
      STATS: Overall Quality: 0.772
      STATS: Faithfulness: N/A
      STATS: Relevancy: N/A

   Q2: What are the pros and cons of each?
      SUCCESS: Answer generated (7.84s)
      Q💬A: Answer:  I'll provide a brief comparison of each car, focusing on price, power, and comfort score as key factors:

1. MG Windsor EV Essence
   - Pros: Electric, SUV, automatic, sunroof, decent power (134bhp), and comfort score.
   - Cons: Lower comfort score compared to some competitors.

2. Tata Curvv EV C...
      STATS: Overall Quality: 0.815
      STATS: Faithfulness: N/A
      STATS: Relevancy: N/A

   Q3: Which is most economical to run?
      SUCCESS: Answer generated (3.07s)
      Q💬A: Answer:  Based on the context, the Mahindra BE 6 Pack One is the most economical to run as it is an electric SUV and electric vehicles generally have lower operating costs compared to petrol or diesel vehicles. However, for a precise comparison, one would need to consider the cost per kilometer or mile of e...
      STATS: Overall Quality: 0.834
      STATS: Faithfulness: N/A
      STATS: Relevancy: N/A

############################################################
Progress: 27/100 (27.0%)
TIME:  Estimated time remaining: 25.6 minutes

============================================================
TEST: Test Case #27: Eco-conscious buyer
============================================================
PREFS: Budget: ₹2,500,000-₹4,000,000 | Fuel: Electric | Body: Crossover | Trans: Manual | Seats: 7 | Features: Apple CarPlay/Android Auto, 360 Camera

STATS: Getting recommendations...
   SUCCESS: Got 5 recommendations
   TIME:  Response time: 1.53s

   CARS: Recommended Cars:
      1. Tata Safari Accomplished Plus Dark
         Price: Rs.25,29,990 | Fuel: Diesel | Trans: N/A
         Match Score: 21.000
      2. Tata Safari Accomplished Plus Stealth
         Price: Rs.25,74,990 | Fuel: Diesel | Trans: N/A
         Match Score: 21.000
      3. Toyota Fortuner 4X2
         Price: Rs.33,78,000 | Fuel: Petrol | Trans: N/A
         Match Score: 21.000
      4. Toyota Fortuner 4X2 Diesel
         Price: Rs.36,33,000 | Fuel: Diesel | Trans: N/A
         Match Score: 21.000
      5. Mahindra BE 6 Pack Three
         Price: Rs.26,90,000 | Fuel: Electric | Trans: N/A
         Match Score: 18.000
   STATS: Overall Quality: 0.363
   STATS: Relevance: 0.486
   STATS: Diversity: 0.411
   STATS: NDCG@K: 0.9699
   STATS: ILD (Diversity): 0.3719
   STATS: Novelty: 0.5800
   STATS: Serendipity: 0.4060

Q💬A: Asking 3 questions...

   Q1: Which car has the best fuel efficiency?
      SUCCESS: Answer generated (2.33s)
      Q💬A: Answer:  The context does not provide fuel efficiency information for all cars. However, the Toyota Innova Crysta 2.4 VX 7Str and 2.4 VX 8Str have diesel engines and are known for their good fuel efficiency in the Innova Crysta series.
      STATS: Overall Quality: 0.124
      STATS: Faithfulness: N/A
      STATS: Relevancy: N/A

   Q2: What are the main differences between these cars?
      SUCCESS: Answer generated (4.55s)
      Q💬A: Answer:  The main differences between these cars are:

1. Manufacturers: Tata, Toyota, Mahindra, and Jeep.
2. Fuel Types: Diesel, Petrol, Electric, and Hybrid.
3. Transmission: Manual, Automatic, and Automatic (CVT).
4. Seating Capacity: Ranges from 5 to 8 seats.
5. Power: Ranges from 147bhp to 282bhp.
6. F...
      STATS: Overall Quality: 0.883
      STATS: Faithfulness: N/A
      STATS: Relevancy: N/A

   Q3: How is the rear seat comfort?
      SUCCESS: Answer generated (3.50s)
      Q💬A: Answer:  Based on the provided context, all the cars listed have a comfort score of 3.5/5 or 3.75/5 for their rear seats. This includes the Tata Safari Accomplished Plus Dark and Stealth, Toyota Fortuner 4X2 and 4X2 Diesel, Mahindra BE 6 Pack Three, Toyota Innova Crysta 2.4 VX 7Str, 2.4 VX 8Str, and 2.4 Zx ...
      STATS: Overall Quality: 0.857
      STATS: Faithfulness: N/A
      STATS: Relevancy: N/A

############################################################
Progress: 28/100 (28.0%)
TIME:  Estimated time remaining: 25.1 minutes

============================================================
TEST: Test Case #28: Retired couple
============================================================
PREFS: Budget: ₹800,000-₹1,200,000 | Fuel: Hybrid | Body: Hatchback | Trans: Any | Seats: 8 | Features: Apple CarPlay/Android Auto, Automatic Climate Control

STATS: Getting recommendations...
   SUCCESS: Got 5 recommendations
   TIME:  Response time: 1.94s

   CARS: Recommended Cars:
      1. Hyundai i20 Sportz
         Price: Rs.8,41,800 | Fuel: Petrol | Trans: N/A
         Match Score: 17.000
      2. Tata Altroz Racer R2
         Price: Rs.10,49,990 | Fuel: Petrol | Trans: N/A
         Match Score: 19.000
      3. Tata Altroz Racer R1
         Price: Rs.9,49,990 | Fuel: Petrol | Trans: N/A
         Match Score: 19.000
      4. Tata Altroz Racer R3
         Price: Rs.10,99,990 | Fuel: Petrol | Trans: N/A
         Match Score: 19.000
      5. Hyundai i20 N-Line N6 DCT Dual Tone
         Price: Rs.11,33,800 | Fuel: Petrol | Trans: N/A
         Match Score: 19.000
   STATS: Overall Quality: 0.49
   STATS: Relevance: 0.472
   STATS: Diversity: 0.241
   STATS: NDCG@K: 1.0000
   STATS: ILD (Diversity): 0.1855
   STATS: Novelty: 0.3000
   STATS: Serendipity: 0.2100

Q💬A: Asking 3 questions...

   Q1: What are the pros and cons of each?
      SUCCESS: Answer generated (4.04s)
      Q💬A: Answer:  Here are the pros and cons of the Hyundai Creta:

Pros:
1. Improved styling with a more sophisticated appearance
2. Better interior design and improved quality for a better in-cabin experience
3. Packed with features, including dual 10.25” displays, Level 2 ADAS, a panoramic sunroof.

Cons:
1. Shal...
      STATS: Overall Quality: 0.249
      STATS: Faithfulness: N/A
      STATS: Relevancy: N/A

   Q2: Why is one car ranked higher than others?
      SUCCESS: Answer generated (2.23s)
      Q💬A: Answer:  The ranking of cars is not provided in the context. The context contains information about various cars, their features, performance, and prices, but it does not rank them in any order.
      STATS: Overall Quality: 0.607
      STATS: Faithfulness: N/A
      STATS: Relevancy: N/A

   Q3: Are spare parts easily available?
      SUCCESS: Answer generated (3.55s)
      Q💬A: Answer:  Based on the provided context, information about the availability of spare parts for these specific car models is not provided. However, Hyundai and Tata are well-established car manufacturers, and generally, spare parts for their models are widely available through authorized dealers and third-par...
      STATS: Overall Quality: 0.727
      STATS: Faithfulness: N/A
      STATS: Relevancy: N/A

############################################################
Progress: 29/100 (29.0%)
TIME:  Estimated time remaining: 24.5 minutes

============================================================
TEST: Test Case #29: Practical daily commuter
============================================================
PREFS: Budget: ₹500,000-₹800,000 | Fuel: Any | Body: Any | Trans: Any | Seats: 5 | Features: 360 Camera, Apple CarPlay/Android Auto

STATS: Getting recommendations...
   SUCCESS: Got 5 recommendations
   TIME:  Response time: 2.07s

   CARS: Recommended Cars:
      1. Hyundai Exter S
         Price: Rs.7,73,190 | Fuel: Petrol | Trans: N/A
         Match Score: 15.000
      2. Hyundai Exter S Plus
         Price: Rs.7,93,190 | Fuel: Petrol | Trans: N/A
         Match Score: 15.000
      3. Hyundai Grand i10 Nios Corporate AMT
         Price: Rs.7,73,800 | Fuel: Petrol | Trans: N/A
         Match Score: 15.000
      4. Hyundai Grand i10 Nios Sportz Executive AMT
         Price: Rs.7,84,750 | Fuel: Petrol | Trans: N/A
         Match Score: 15.000
      5. Hyundai Aura E
         Price: Rs.6,54,100 | Fuel: Petrol | Trans: N/A
         Match Score: 15.000
   STATS: Overall Quality: 0.482
   STATS: Relevance: 0.714
   STATS: Diversity: 0.274
   STATS: NDCG@K: 1.0000
   STATS: ILD (Diversity): 0.3276

Q💬A: Asking 3 questions...

   Q1: Which car has the best fuel efficiency?
      SUCCESS: Answer generated (3.91s)
      Q💬A: Answer:  Based on the provided context, the Hyundai Aura E CNG has the best fuel efficiency at 18.4 kmpl (miles per liter). It's important to note that this is a CNG (Compressed Natural Gas) model, and the fuel efficiency may vary for petrol and diesel models.
      STATS: Overall Quality: 0.896
      STATS: Faithfulness: N/A
      STATS: Relevancy: N/A

   Q2: Which car should I choose and why?
      SUCCESS: Answer generated (11.21s)
      Q💬A: Answer:  Based on the context provided, if you're looking for a compact SUV with a petrol engine, manual transmission, and Apple CarPlay/Android Auto features, both the Hyundai Exter S and Hyundai Exter S Plus could be good options. They have similar specifications, with a 1.5L petrol engine, manual transmi...
      STATS: Overall Quality: 0.854
      STATS: Faithfulness: N/A
      STATS: Relevancy: N/A

   Q3: Are spare parts easily available?
      SUCCESS: Answer generated (5.54s)
      Q💬A: Answer:  Based on the information provided, I don't have specific data about the ease of availability of spare parts for these particular car models. However, Hyundai is a well-established car manufacturer, and generally, spare parts for popular models like the ones listed in the context should be available...
      STATS: Overall Quality: 0.772
      STATS: Faithfulness: N/A
      STATS: Relevancy: N/A

############################################################
Progress: 30/100 (30.0%)
TIME:  Estimated time remaining: 24.5 minutes

============================================================
TEST: Test Case #30: Adventure/off-road enthusiast
============================================================
PREFS: Budget: ₹1,500,000-₹2,000,000 | Fuel: CNG | Body: Hatchback | Trans: Manual | Seats: 7 | Features: Apple CarPlay/Android Auto, Lane Assist

STATS: Getting recommendations...
   SUCCESS: Got 5 recommendations
   TIME:  Response time: 1.72s

   CARS: Recommended Cars:
      1. Toyota Hyryder G CNG
         Price: Rs.15,59,000 | Fuel: CNG | Trans: N/A
         Match Score: 24.000
      2. Maruti Grand Vitara Zeta CNG
         Price: Rs.15,21,000 | Fuel: CNG | Trans: N/A
         Match Score: 24.000
      3. Mahindra Scorpio N Z4
         Price: Rs.15,63,699 | Fuel: Petrol | Trans: N/A
         Match Score: 21.000
      4. Mahindra Scorpio N Z4 E
         Price: Rs.15,63,699 | Fuel: Petrol | Trans: N/A
         Match Score: 21.000
      5. Mahindra Scorpio N Z8
         Price: Rs.18,99,400 | Fuel: Petrol | Trans: N/A
         Match Score: 21.000
   STATS: Overall Quality: 0.527
   STATS: Relevance: 0.529
   STATS: Diversity: 0.347
   STATS: NDCG@K: 1.0000
   STATS: ILD (Diversity): 0.2293
   STATS: Novelty: 0.6000
   STATS: Serendipity: 0.4200

Q💬A: Asking 3 questions...

   Q1: What are the main differences between these cars?
      SUCCESS: Answer generated (7.66s)
      Q💬A: Answer:  The main differences between these cars are:

1. **Fuel Type**: The Toyota Hyryder G CNG and Maruti Grand Vitara Zeta CNG are CNG cars, while the rest are petrol or diesel cars.

2. **Power**: The Hyundai Alcazar Executive Matte Diesel has the least power (114bhp), followed by the Hyundai Alcazar E...
      STATS: Overall Quality: 0.872
      STATS: Faithfulness: N/A
      STATS: Relevancy: N/A

   Q2: Why is one car ranked higher than others?
      SUCCESS: Answer generated (3.23s)
      Q💬A: Answer:  A car's ranking could be based on several factors including power, price, comfort score, features, and more. For instance, in your context, the Mahindra Scorpio N Z8 is ranked higher than the others due to its slightly higher comfort score of 3.75/5 compared to the others at 3.5/5, while keeping ot...
      STATS: Overall Quality: 0.793
      STATS: Faithfulness: N/A
      STATS: Relevancy: N/A

   Q3: What about the ride quality?
      SUCCESS: Answer generated (2.42s)
      Q💬A: Answer:  The context does not provide specific information about the ride quality of the mentioned cars. I would need more details to give a precise answer.
      STATS: Overall Quality: 0.735
      STATS: Faithfulness: N/A
      STATS: Relevancy: N/A

💾 Saved intermediate results to results/intermediate_results_30.json

############################################################
Progress: 31/100 (31.0%)
TIME:  Estimated time remaining: 24.1 minutes

============================================================
TEST: Test Case #31: Ride-sharing driver
============================================================
PREFS: Budget: ₹1,000,000-₹1,500,000 | Fuel: Hybrid | Body: SUV | Trans: Automatic | Seats: 7 | Features: 360 Camera

STATS: Getting recommendations...
   SUCCESS: Got 5 recommendations
   TIME:  Response time: 2.18s

   CARS: Recommended Cars:
      1. Citroen Aircross Turbo Max AT 7 Seater
         Price: Rs.14,34,800 | Fuel: Petrol | Trans: N/A
         Match Score: 31.000
      2. Citroen Aircross Turbo Max AT 7 Seater DT
         Price: Rs.14,54,800 | Fuel: Petrol | Trans: N/A
         Match Score: 31.000
      3. Maruti Grand Vitara Delta AT
         Price: Rs.13,70,000 | Fuel: Petrol | Trans: N/A
         Match Score: 26.000
      4. Citroen Aircross Turbo Plus AT
         Price: Rs.13,41,300 | Fuel: Petrol | Trans: N/A
         Match Score: 26.000
      5. Maruti Brezza Vxi AT
         Price: Rs.11,15,000 | Fuel: Petrol | Trans: N/A
         Match Score: 26.000
   STATS: Overall Quality: 0.634
   STATS: Relevance: 0.641
   STATS: Diversity: 0.238
   STATS: NDCG@K: 1.0000
   STATS: ILD (Diversity): 0.0909
   STATS: Novelty: 0.4200
   STATS: Serendipity: 0.2940

Q💬A: Asking 3 questions...

   Q1: Why is one car ranked higher than others?
      SUCCESS: Answer generated (3.60s)
      Q💬A: Answer:  The comfort score, which is a measure of the vehicle's comfort level, is one factor that can cause a car to be ranked higher than others. For instance, the Citroen Aircross Turbo Max AT 7 Seater and Citroen Aircross Turbo Max AT 7 Seater DT both have a comfort score of 3.75/5, which is higher than ...
      STATS: Overall Quality: 0.884
      STATS: Faithfulness: N/A
      STATS: Relevancy: N/A

   Q2: Why is one car ranked higher than others?
      SUCCESS: Answer generated (3.32s)
      Q💬A: Answer:  The comfort score, which is a measure of the vehicle's comfort level, is one reason a car might be ranked higher than others. For instance, the Citroen Aircross Turbo Max AT 7 Seater and Citroen Aircross Turbo Max AT 7 Seater DT have a comfort score of 3.75/5, which is higher than the Maruti Grand ...
      STATS: Overall Quality: 0.889
      STATS: Faithfulness: N/A
      STATS: Relevancy: N/A

   Q3: Which is most economical to run?
      SUCCESS: Answer generated (3.05s)
      Q💬A: Answer:  The most economical car to run in terms of lower price and comparable power is the Maruti Brezza Vxi AT, priced at Rs. 11,15,000 with 101bhp. However, for a more accurate comparison of running costs, one should also consider fuel efficiency, which is not provided in the context.
      STATS: Overall Quality: 0.773
      STATS: Faithfulness: N/A
      STATS: Relevancy: N/A

############################################################
Progress: 32/100 (32.0%)
TIME:  Estimated time remaining: 23.7 minutes

============================================================
TEST: Test Case #32: Long-distance highway driver
============================================================
PREFS: Budget: ₹1,800,000-₹2,500,000 | Fuel: CNG | Body: MUV | Trans: Manual | Seats: 8 | Features: Apple CarPlay/Android Auto, Lane Assist

STATS: Getting recommendations...
   SUCCESS: Got 5 recommendations
   TIME:  Response time: 2.07s

   CARS: Recommended Cars:
      1. Toyota Innova Crysta 2.4 GX Plus 8Str
         Price: Rs.21,76,000 | Fuel: Diesel | Trans: N/A
         Match Score: 21.000
      2. Toyota Innova Crysta 2.4 GX 8Str
         Price: Rs.19,99,000 | Fuel: Diesel | Trans: N/A
         Match Score: 21.000
      3. Hyundai Creta SX (O) Diesel
         Price: Rs.19,04,700 | Fuel: Diesel | Trans: N/A
         Match Score: 16.000
      4. Hyundai Creta N Line N10 Dual Tone
         Price: Rs.19,68,300 | Fuel: Petrol | Trans: N/A
         Match Score: 16.000
      5. Hyundai Creta SX (O) Diesel DT
         Price: Rs.19,19,700 | Fuel: Diesel | Trans: N/A
         Match Score: 16.000
   STATS: Overall Quality: 0.519
   STATS: Relevance: 0.429
   STATS: Diversity: 0.33
   STATS: NDCG@K: 1.0000
   STATS: ILD (Diversity): 0.3019
   STATS: Novelty: 0.6000
   STATS: Serendipity: 0.4200

Q💬A: Asking 3 questions...

   Q1: What is the mileage of these cars?
      SUCCESS: Answer generated (10.92s)
      Q💬A: Answer:  Here are the claimed fuel efficiencies of the cars in the context:

- Toyota Innova Crysta 2.4 GX Plus 8Str: 19.1 kmpl (diesel)
- Toyota Innova Crysta 2.4 GX 8Str: 19.1 kmpl (diesel)
- Hyundai Creta SX (O) Diesel: 18.4 kmpl (diesel)
- Hyundai Creta N Line N10 Dual Tone: 18.4 kmpl (petrol)
- Hyundai...
      STATS: Overall Quality: 0.512
      STATS: Faithfulness: N/A
      STATS: Relevancy: N/A

   Q2: What are the pros and cons of each?
      SUCCESS: Answer generated (7.96s)
      Q💬A: Answer:  Here are the pros and cons of the Hyundai Creta:

Pros:
- Improved styling with a more sophisticated appearance
- Better interior design and improved quality for a better in-cabin experience
- Packed with features, including dual 10.25” displays, Level 2 ADAS, a panoramic sunroof.

Cons:
- Shallow ...
      STATS: Overall Quality: 0.917
      STATS: Faithfulness: N/A
      STATS: Relevancy: N/A

   Q3: What is the warranty coverage?
      SUCCESS: Answer generated (5.03s)
      Q💬A: Answer:  The Hyundai Creta comes with a standard warranty coverage of 3 years or 1 lakh kilometers, whichever comes first. This can be extended up to 5 years or 2.5 lakh kilometers through Hyundai's optional extended warranty plans. The warranty covers the vehicle's engine and transmission, as well as other...
      STATS: Overall Quality: 0.871
      STATS: Faithfulness: N/A
      STATS: Relevancy: N/A

############################################################
Progress: 33/100 (33.0%)
TIME:  Estimated time remaining: 23.7 minutes

============================================================
TEST: Test Case #33: Senior citizen looking for comfort
============================================================
PREFS: Budget: ₹600,000-₹1,000,000 | Fuel: Petrol | Body: SUV | Trans: Any | Seats: 7 | Features: Sunroof, Automatic Climate Control, Ventilated Seats

STATS: Getting recommendations...
   SUCCESS: Got 5 recommendations
   TIME:  Response time: 1.83s

   CARS: Recommended Cars:
      1. Citroen Aircross Plus
         Price: Rs.9,99,000 | Fuel: Petrol | Trans: N/A
         Match Score: 25.000
      2. Citroen Aircross You
         Price: Rs.8,49,000 | Fuel: Petrol | Trans: N/A
         Match Score: 25.000
      3. Citroen Basalt Plus
         Price: Rs.9,99,000 | Fuel: Petrol | Trans: N/A
         Match Score: 25.000
      4. Citroen Basalt You
         Price: Rs.8,25,000 | Fuel: Petrol | Trans: N/A
         Match Score: 25.000
      5. Maruti Brezza Vxi
         Price: Rs.9,75,000 | Fuel: Petrol | Trans: N/A
         Match Score: 25.000
   STATS: Overall Quality: 0.477
   STATS: Relevance: 0.641
   STATS: Diversity: 0.236
   STATS: NDCG@K: 1.0000
   STATS: ILD (Diversity): 0.0668
   STATS: Novelty: 0.1600
   STATS: Serendipity: 0.1120

Q💬A: Asking 3 questions...

   Q1: What about the ride quality?
      SUCCESS: Answer generated (2.82s)
      Q💬A: Answer:  Based on the context provided, the Maruti Brezza Vxi and Lxi have a good ride quality. They absorb bumps well and remain stable over undulations or highway expansion joints, providing a comfortable driving experience on bad roads and in hilly regions.
      STATS: Overall Quality: 0.881
      STATS: Faithfulness: N/A
      STATS: Relevancy: N/A

   Q2: Why is one car ranked higher than others?
      SUCCESS: Answer generated (4.49s)
      Q💬A: Answer:  In this context, the ranking of cars is not provided. However, I can help you compare them based on specific features, price, power, comfort score, and other available information. Please provide the specific cars and the aspect you'd like to compare.

For example, if you want to compare the Citroe...
      STATS: Overall Quality: 0.809
      STATS: Faithfulness: N/A
      STATS: Relevancy: N/A

   Q3: What safety features are included?
      SUCCESS: Answer generated (3.89s)
      Q💬A: Answer:  The Maruti Baleno's standard safety features include dual airbags, ISOFIX mounts, electronic stability program, hill hold control, and reversing parking sensors. The higher variants add equipment like six airbags and a 360-degree camera to the list. However, this version of the Maruti Baleno hasn't...
      STATS: Overall Quality: 0.6
      STATS: Faithfulness: N/A
      STATS: Relevancy: N/A

############################################################
Progress: 34/100 (34.0%)
TIME:  Estimated time remaining: 23.2 minutes

============================================================
TEST: Test Case #34: Luxury comfort seeker
============================================================
PREFS: Budget: ₹2,500,000-₹4,000,000 | Fuel: Hybrid | Body: Hatchback | Trans: Manual | Seats: 8 | Features: Sunroof

STATS: Getting recommendations...
   SUCCESS: Got 5 recommendations
   TIME:  Response time: 1.80s

   CARS: Recommended Cars:
      1. Tata Safari Accomplished Plus Stealth
         Price: Rs.25,74,990 | Fuel: Diesel | Trans: N/A
         Match Score: 19.000
      2. Tata Safari Accomplished Plus Dark
         Price: Rs.25,29,990 | Fuel: Diesel | Trans: N/A
         Match Score: 19.000
      3. Tata Safari Accomplished Plus 6S
         Price: Rs.25,09,990 | Fuel: Diesel | Trans: N/A
         Match Score: 19.000
      4. Tata Safari Accomplished Plus Dark 6S
         Price: Rs.25,59,990 | Fuel: Diesel | Trans: N/A
         Match Score: 19.000
      5. Toyota Hilux High
         Price: Rs.37,15,000 | Fuel: Diesel | Trans: N/A
         Match Score: 19.000
   STATS: Overall Quality: 0.315
   STATS: Relevance: 0.41
   STATS: Diversity: 0.304
   STATS: NDCG@K: 1.0000
   STATS: ILD (Diversity): 0.1633
   STATS: Novelty: 0.6000
   STATS: Serendipity: 0.4200

Q💬A: Asking 3 questions...

   Q1: How is the rear seat comfort?
      SUCCESS: Answer generated (3.16s)
      Q💬A: Answer:  Based on the provided information, all the Tata Safari and Jeep Compass models listed have a comfort score of 3.75/5 for the rear seats. The Toyota Innova Crysta 2.4 VX 8Str has a comfort score of 3.5/5 for the rear seats, and the Toyota Hilux models have a comfort score of 3.25/5 for the rear seat...
      STATS: Overall Quality: 0.89
      STATS: Faithfulness: N/A
      STATS: Relevancy: N/A

   Q2: What are the main differences between these cars?
      SUCCESS: Answer generated (5.05s)
      Q💬A: Answer:  The main differences between these cars are:

1. Type: They include SUVs (Tata Safari Accomplished Plus Stealth, Tata Safari Accomplished Plus Dark, Tata Safari Accomplished Plus 6S, Tata Safari Accomplished Plus Dark 6S, Jeep Compass 2.0 Black Shark Opt, Jeep Compass 2.0 Limited Opt, Jeep Compass ...
      STATS: Overall Quality: 0.893
      STATS: Faithfulness: N/A
      STATS: Relevancy: N/A

   Q3: What features do these cars offer?
      SUCCESS: Answer generated (3.14s)
      Q💬A: Answer:  These cars offer sunroof, Apple CarPlay/Android Auto, and manual transmission. The Tata Safari models also have a power of 167bhp and seat 7 (in Plus Stealth, Plus Dark) or 6 people (in Plus 6S, Plus Dark 6S). The Toyota Hilux High has ventilated seats. The Jeep Compass models have a power of 168bh...
      STATS: Overall Quality: 0.88
      STATS: Faithfulness: N/A
      STATS: Relevancy: N/A

############################################################
Progress: 35/100 (35.0%)
TIME:  Estimated time remaining: 22.8 minutes

============================================================
TEST: Test Case #35: Ride-sharing driver
============================================================
PREFS: Budget: ₹1,800,000-₹2,500,000 | Fuel: Petrol | Body: Sedan | Trans: Manual | Seats: 7 | Features: Ventilated Seats

STATS: Getting recommendations...
   SUCCESS: Got 5 recommendations
   TIME:  Response time: 2.18s

   CARS: Recommended Cars:
      1. Mahindra XUV700 AX5 E 7 Str
         Price: Rs.18,68,999 | Fuel: Petrol | Trans: N/A
         Match Score: 29.000
      2. Mahindra XUV700 AX5 7 Str
         Price: Rs.18,83,999 | Fuel: Petrol | Trans: N/A
         Match Score: 29.000
      3. Mahindra Scorpio N Z8L
         Price: Rs.20,69,499 | Fuel: Petrol | Trans: N/A
         Match Score: 29.000
      4. Mahindra Scorpio N Z8
         Price: Rs.18,99,400 | Fuel: Petrol | Trans: N/A
         Match Score: 29.000
      5. Mahindra Scorpio N Z8L Carbon Edition
         Price: Rs.20,89,500 | Fuel: Petrol | Trans: N/A
         Match Score: 29.000
   STATS: Overall Quality: 0.514
   STATS: Relevance: 0.744
   STATS: Diversity: 0.17
   STATS: NDCG@K: 1.0000
   STATS: ILD (Diversity): 0.0134
   STATS: Novelty: 0.5000
   STATS: Serendipity: 0.3500

Q💬A: Asking 3 questions...

   Q1: Why is one car ranked higher than others?
      SUCCESS: Answer generated (3.79s)
      Q💬A: Answer:  The Comfort Score rating is used to rank cars higher than others in this context. For example, the Mahindra XUV700 AX7 7Str and Mahindra XUV700 AX7 Ebony Edition 7Str are ranked higher than the Mahindra XUV700 AX5 E 7 Str and Mahindra XUV700 AX5 7 Str due to their higher Comfort Score of 3.75 out o...
      STATS: Overall Quality: 0.871
      STATS: Faithfulness: N/A
      STATS: Relevancy: N/A

   Q2: What are the pros and cons of each?
      SUCCESS: Answer generated (630.44s)
      Q💬A: Answer:  I'll provide a comparison of each vehicle, focusing on their key features and prices. However, I won't explicitly label them as "pros" or "cons" since that can be subjective based on individual preferences.

1. Mahindra XUV700 AX5 E 7 Str
   - Price: Rs. 18,68,999
   - Power: 197bhp
   - Features: ...
      STATS: Overall Quality: 0.829
      STATS: Faithfulness: N/A
      STATS: Relevancy: N/A

   Q3: What is the price difference between these options?
      SUCCESS: Answer generated (8.45s)
      Q💬A: Answer:  I need more information to answer your question. Please provide the specific car models or features you would like to compare. I can provide details about the prices of different Mahindra and Hyundai SUVs with manual transmission, 7 seats, and sunroof from the provided context:

- Mahindra XUV700 A...
      STATS: Overall Quality: 0.798
      STATS: Faithfulness: N/A
      STATS: Relevancy: N/A

############################################################
Progress: 36/100 (36.0%)
TIME:  Estimated time remaining: 41.9 minutes

============================================================
TEST: Test Case #36: Luxury comfort seeker
============================================================
PREFS: Budget: ₹700,000-₹1,400,000 | Fuel: CNG | Body: Crossover | Trans: Any | Seats: 5 | Features: 360 Camera

STATS: Getting recommendations...
   SUCCESS: Got 5 recommendations
   TIME:  Response time: 2.14s

   CARS: Recommended Cars:
      1. Hyundai Aura S CNG
         Price: Rs.8,37,000 | Fuel: CNG | Trans: N/A
         Match Score: 23.000
      2. Hyundai Aura E CNG
         Price: Rs.7,54,800 | Fuel: CNG | Trans: N/A
         Match Score: 23.000
      3. Hyundai Aura SX CNG
         Price: Rs.9,11,000 | Fuel: CNG | Trans: N/A
         Match Score: 23.000
      4. Hyundai Aura S Corporate CNG
         Price: Rs.8,46,990 | Fuel: CNG | Trans: N/A
         Match Score: 23.000
      5. Hyundai Grand i10 Nios Sportz Duo CNG
         Price: Rs.8,38,200 | Fuel: CNG | Trans: N/A
         Match Score: 23.000
   STATS: Overall Quality: 0.606
   STATS: Relevance: 0.697
   STATS: Diversity: 0.222
   STATS: NDCG@K: 1.0000
   STATS: ILD (Diversity): 0.1052
   STATS: Novelty: 0.3000
   STATS: Serendipity: 0.2100

Q💬A: Asking 3 questions...

   Q1: Which car is most comfortable for long drives?
      SUCCESS: Answer generated (3.03s)
      Q💬A: Answer:  Based on the provided context, the Hyundai Aura SX CNG and Hyundai Exter SX Tech CNG have the highest comfort scores of 3.5/5. However, if we compare these two, the Hyundai Exter SX Tech CNG has a slightly higher comfort score of 3.75/5. Therefore, the Hyundai Exter SX Tech CNG could be considered ...
      STATS: Overall Quality: 0.864
      STATS: Faithfulness: N/A
      STATS: Relevancy: N/A

   Q2: What are the pros and cons of each?
      SUCCESS: Answer generated (5.48s)
      Q💬A: Answer:  I'll provide a comparison of the key features for each Hyundai model in the list, which should help you understand the pros and cons of each:

1. Hyundai Aura S CNG, E CNG, S Corporate CNG, SX CNG (Sedan)
   - Pros:
     - Consistent power of 68bhp
     - Seating capacity for 5
     - Manual transm...
      STATS: Overall Quality: 0.886
      STATS: Faithfulness: N/A
      STATS: Relevancy: N/A

   Q3: What safety features are included?
      SUCCESS: Answer generated (2.64s)
      Q💬A: Answer:  Based on the provided context, I don't see any specific safety features mentioned for any of the Hyundai models. The details given include the car name, price, type (CNG), body style, transmission, seating capacity, power, features, and comfort score, but no safety features are mentioned.
      STATS: Overall Quality: 0.742
      STATS: Faithfulness: N/A
      STATS: Relevancy: N/A

############################################################
Progress: 37/100 (37.0%)
TIME:  Estimated time remaining: 40.7 minutes

============================================================
TEST: Test Case #37: Safety-focused family person
============================================================
PREFS: Budget: ₹700,000-₹1,400,000 | Fuel: Hybrid | Body: MUV | Trans: Any | Seats: 8 | Features: Lane Assist

STATS: Getting recommendations...
   SUCCESS: Got 5 recommendations
   TIME:  Response time: 2.07s

   CARS: Recommended Cars:
      1. Mahindra Bolero Neo Plus P10
         Price: Rs.12,49,000 | Fuel: Diesel | Trans: N/A
         Match Score: 17.000
      2. Mahindra Bolero Neo Plus P4
         Price: Rs.11,39,000 | Fuel: Diesel | Trans: N/A
         Match Score: 17.000
      3. Mahindra Scorpio S 9 Seater
         Price: Rs.13,86,599 | Fuel: Diesel | Trans: N/A
         Match Score: 17.000
      4. Citroen Aircross Turbo Plus
         Price: Rs.12,11,300 | Fuel: Petrol | Trans: N/A
         Match Score: 12.000
      5. Citroen Aircross Turbo Max
         Price: Rs.12,85,300 | Fuel: Petrol | Trans: N/A
         Match Score: 12.000
   STATS: Overall Quality: 0.527
   STATS: Relevance: 0.394
   STATS: Diversity: 0.283
   STATS: NDCG@K: 1.0000
   STATS: ILD (Diversity): 0.2190
   STATS: Novelty: 0.8000
   STATS: Serendipity: 0.5600

Q💬A: Asking 3 questions...

   Q1: How many airbags do these cars have?
      SUCCESS: Answer generated (2.20s)
      Q💬A: Answer:  The context does not provide information on the number of airbags in these cars. I would need more information to answer this question accurately.
      STATS: Overall Quality: 0.703
      STATS: Faithfulness: N/A
      STATS: Relevancy: N/A

   Q2: Which car should I choose and why?
      SUCCESS: Answer generated (2.99s)
      Q💬A: Answer:  I don't have enough information to choose the best car for you as I don't know your preferences and requirements. However, if you're looking for a diesel SUV with 9 seats and the highest comfort score, the Mahindra Bolero Neo Plus P10 would be the choice. If you prefer a petrol SUV with features li...
      STATS: Overall Quality: 0.835
      STATS: Faithfulness: N/A
      STATS: Relevancy: N/A

   Q3: What is the warranty coverage?
      SUCCESS: Answer generated (2.83s)
      Q💬A: Answer:  I don't have enough information about the warranty coverage for these specific car models as it's not provided in the context. I would recommend checking the official websites or contacting the dealerships of Mahindra and Citroen for accurate and detailed warranty information.
      STATS: Overall Quality: 0.495
      STATS: Faithfulness: N/A
      STATS: Relevancy: N/A

############################################################
Progress: 38/100 (38.0%)
TIME:  Estimated time remaining: 39.4 minutes

============================================================
TEST: Test Case #38: Status-conscious buyer
============================================================
PREFS: Budget: ₹2,500,000-₹4,000,000 | Fuel: Diesel | Body: SUV | Trans: Any | Seats: 5 | Features: Sunroof, Ventilated Seats

STATS: Getting recommendations...
   SUCCESS: Got 5 recommendations
   TIME:  Response time: 1.84s

   CARS: Recommended Cars:
      1. Jeep Compass 2.0 Limited Opt
         Price: Rs.26,33,000 | Fuel: Diesel | Trans: N/A
         Match Score: 30.000
      2. Jeep Compass 2.0 Black Shark Opt
         Price: Rs.26,83,000 | Fuel: Diesel | Trans: N/A
         Match Score: 30.000
      3. Jeep Compass 2.0 Night Eagle
         Price: Rs.25,18,000 | Fuel: Diesel | Trans: N/A
         Match Score: 30.000
      4. Hyundai Tucson Platinum Diesel AT
         Price: Rs.31,64,800 | Fuel: Diesel | Trans: N/A
         Match Score: 30.000
      5. Citroen C5 Aircross Shine
         Price: Rs.39,99,000 | Fuel: Diesel | Trans: N/A
         Match Score: 30.000
   STATS: Overall Quality: 0.654
   STATS: Relevance: 0.833
   STATS: Diversity: 0.316
   STATS: NDCG@K: 1.0000
   STATS: ILD (Diversity): 0.2533
   STATS: Novelty: 0.1600
   STATS: Serendipity: 0.1120

Q💬A: Asking 3 questions...

   Q1: Do these cars have Apple CarPlay?
      SUCCESS: Answer generated (3.11s)
      Q💬A: Answer:  Yes, all the cars in the provided context - Jeep Compass 2.0 Limited Opt, Jeep Compass 2.0 Black Shark Opt, Jeep Compass 2.0 Night Eagle, Hyundai Tucson Platinum Diesel AT, Hyundai Tucson Signature Diesel AT, Hyundai Tucson Signature Diesel 4WD AT, Hyundai Tucson Signature Diesel AT DT, Citroen C5 ...
      STATS: Overall Quality: 0.884
      STATS: Faithfulness: N/A
      STATS: Relevancy: N/A

   Q2: Which car should I choose and why?
      SUCCESS: Answer generated (3.08s)
      Q💬A: Answer:  I don't have enough information to choose the best car for you as I don't know your preferences and requirements. However, based on the provided context, if you're looking for a diesel SUV with automatic transmission, high power, and a sunroof, the Hyundai Tucson Signature Diesel AT, Citroen C5 Air...
      STATS: Overall Quality: 0.771
      STATS: Faithfulness: N/A
      STATS: Relevancy: N/A

   Q3: Are spare parts easily available?
      SUCCESS: Answer generated (2.89s)
      Q💬A: Answer:  Based on the provided context, I can tell you that all these models come from well-known brands, so their spare parts should be available at authorized dealers and possibly from other car parts suppliers. However, the exact availability might depend on various factors such as location, supplier sto...
      STATS: Overall Quality: 0.788
      STATS: Faithfulness: N/A
      STATS: Relevancy: N/A

############################################################
Progress: 39/100 (39.0%)
TIME:  Estimated time remaining: 38.2 minutes

============================================================
TEST: Test Case #39: Practical daily commuter
============================================================
PREFS: Budget: ₹800,000-₹1,200,000 | Fuel: Diesel | Body: Sedan | Trans: Any | Seats: 5 | Features: 360 Camera, Automatic Climate Control, Apple CarPlay/Android Auto

STATS: Getting recommendations...
   SUCCESS: Got 5 recommendations
   TIME:  Response time: 1.66s

   CARS: Recommended Cars:
      1. Tata Nexon Smart Plus Diesel
         Price: Rs.9,99,990 | Fuel: Diesel | Trans: N/A
         Match Score: 25.000
      2. Tata Nexon Pure Plus Diesel AMT
         Price: Rs.11,69,990 | Fuel: Diesel | Trans: N/A
         Match Score: 25.000
      3. Tata Curvv Smart Diesel
         Price: Rs.11,49,990 | Fuel: Diesel | Trans: N/A
         Match Score: 25.000
      4. Tata Nexon Smart Plus S Diesel
         Price: Rs.10,29,990 | Fuel: Diesel | Trans: N/A
         Match Score: 25.000
      5. Hyundai Venue S Plus Diesel
         Price: Rs.10,79,700 | Fuel: Diesel | Trans: N/A
         Match Score: 25.000
   STATS: Overall Quality: 0.581
   STATS: Relevance: 0.59
   STATS: Diversity: 0.282
   STATS: NDCG@K: 1.0000
   STATS: ILD (Diversity): 0.2401
   STATS: Novelty: 0.3000
   STATS: Serendipity: 0.2100

Q💬A: Asking 3 questions...

   Q1: Which car has the most technology features?
      SUCCESS: Answer generated (2.43s)
      Q💬A: Answer:  The Kia Sonet HTK Plus (O) Diesel has the most technology features, as it includes Apple CarPlay, Android Auto in addition to no specific features mentioned by Tata or Hyundai for their respective models.
      STATS: Overall Quality: 0.876
      STATS: Faithfulness: N/A
      STATS: Relevancy: N/A

   Q2: How do these cars compare overall?
      SUCCESS: Answer generated (5.11s)
      Q💬A: Answer:  Based on the provided context, here's a concise comparison of the cars:

1. **Price:** The cheapest option is the Tata Nexon Smart Plus Diesel at Rs. 9,99,990, while the most expensive is the Kia Sonet HTK Plus (O) Diesel at Rs. 11,99,900.

2. **Transmission:** If you prefer automatic transmission,...
      STATS: Overall Quality: 0.852
      STATS: Faithfulness: N/A
      STATS: Relevancy: N/A

   Q3: Which is most economical to run?
      SUCCESS: Answer generated (3.91s)
      Q💬A: Answer:  Based on the provided context, the most economical car to run in terms of power-to-price ratio would be the Tata Nexon Smart Plus Diesel, followed closely by the Tata Nexon Smart Plus S Diesel. Both have a power output of 113bhp and are priced at Rs. 9,99,990 and Rs. 10,29,990 respectively. However...
      STATS: Overall Quality: 0.861
      STATS: Faithfulness: N/A
      STATS: Relevancy: N/A

############################################################
Progress: 40/100 (40.0%)
TIME:  Estimated time remaining: 37.1 minutes

============================================================
TEST: Test Case #40: Adventure/off-road enthusiast
============================================================
PREFS: Budget: ₹2,500,000-₹4,000,000 | Fuel: Diesel | Body: MUV | Trans: Any | Seats: 7 | Features: Apple CarPlay/Android Auto, Lane Assist

STATS: Getting recommendations...
   SUCCESS: Got 5 recommendations
   TIME:  Response time: 1.92s

   CARS: Recommended Cars:
      1. Tata Safari Accomplished AT
         Price: Rs.25,24,990 | Fuel: Diesel | Trans: N/A
         Match Score: 23.000
      2. Mahindra XUV700 AX7L 7Str Diesel AT AWD
         Price: Rs.25,73,999 | Fuel: Diesel | Trans: N/A
         Match Score: 23.000
      3. Tata Safari Accomplished Plus Dark
         Price: Rs.25,29,990 | Fuel: Diesel | Trans: N/A
         Match Score: 23.000
      4. Tata Safari Accomplished Plus AT
         Price: Rs.26,39,990 | Fuel: Diesel | Trans: N/A
         Match Score: 23.000
      5. Tata Safari Accomplished Plus Stealth
         Price: Rs.25,74,990 | Fuel: Diesel | Trans: N/A
         Match Score: 23.000
   STATS: Overall Quality: 0.613
   STATS: Relevance: 0.639
   STATS: Diversity: 0.223
   STATS: NDCG@K: 1.0000
   STATS: ILD (Diversity): 0.1824
   STATS: Novelty: 0.3400
   STATS: Serendipity: 0.2380

Q💬A: Asking 3 questions...

   Q1: What are the pros and cons of each?
      SUCCESS: Answer generated (7.95s)
      Q💬A: Answer:  I'll provide a comparison of the cars you've mentioned, focusing on key features, power, and pricing. Since pros and cons can be subjective based on individual preferences, I'll let you decide which features are advantages or disadvantages.

1. Tata Safari Accomplished AT
   - Pros: Affordable, aut...
      STATS: Overall Quality: 0.859
      STATS: Faithfulness: N/A
      STATS: Relevancy: N/A

   Q2: Which car should I choose and why?
      SUCCESS: Answer generated (3.74s)
      Q💬A: Answer:  I don't have enough information to choose the best car for you as I don't know your preferences, budget, or specific requirements. However, based on the provided context, all the cars have similar features, power, and comfort scores. If you prefer a Tata Safari model with automatic transmission, th...
      STATS: Overall Quality: 0.651
      STATS: Faithfulness: N/A
      STATS: Relevancy: N/A

   Q3: What about the ride quality?
      SUCCESS: Answer generated (2.33s)
      Q💬A: Answer:  The context does not provide specific information about the ride quality of the mentioned car models. I would need more details to give a precise answer.
      STATS: Overall Quality: 0.735
      STATS: Faithfulness: N/A
      STATS: Relevancy: N/A

💾 Saved intermediate results to results/intermediate_results_40.json

############################################################
Progress: 41/100 (41.0%)
TIME:  Estimated time remaining: 36.1 minutes

============================================================
TEST: Test Case #41: College student on tight budget
============================================================
PREFS: Budget: ₹1,000,000-₹1,500,000 | Fuel: Hybrid | Body: Sedan | Trans: Manual | Seats: 8 | Features: Automatic Climate Control

STATS: Getting recommendations...
   SUCCESS: Got 5 recommendations
   TIME:  Response time: 2.03s

   CARS: Recommended Cars:
      1. Hyundai Verna S
         Price: Rs.12,37,400 | Fuel: Petrol | Trans: N/A
         Match Score: 23.000
      2. Hyundai Verna EX
         Price: Rs.11,07,400 | Fuel: Petrol | Trans: N/A
         Match Score: 23.000
      3. Volkswagen Virtus Highline
         Price: Rs.13,57,900 | Fuel: Petrol | Trans: N/A
         Match Score: 23.000
      4. Hyundai Verna SX
         Price: Rs.13,15,400 | Fuel: Petrol | Trans: N/A
         Match Score: 23.000
      5. Volkswagen Virtus Comfortline
         Price: Rs.11,55,900 | Fuel: Petrol | Trans: N/A
         Match Score: 23.000
   STATS: Overall Quality: 0.495
   STATS: Relevance: 0.59
   STATS: Diversity: 0.235
   STATS: NDCG@K: 1.0000
   STATS: ILD (Diversity): 0.0890
   STATS: Novelty: 0.3800
   STATS: Serendipity: 0.2660

Q💬A: Asking 3 questions...

   Q1: Which has the best resale value?
      SUCCESS: Answer generated (6.33s)
      Q💬A: Answer:  I don't have the resale values of the mentioned cars. However, Hyundai and Maruti Suzuki cars are known for having a good resale value in the Indian market. Among the mentioned cars, the Hyundai Verna and Maruti Ciaz are known for their good resale value in their respective segments. The resale val...
      STATS: Overall Quality: 0.683
      STATS: Faithfulness: N/A
      STATS: Relevancy: N/A

   Q2: What are the main differences between these cars?
      SUCCESS: Answer generated (11.85s)
      Q💬A: Answer:  The main differences between these cars are:

* Brands: Hyundai, Maruti Suzuki, and Honda
* Models: Verna, Ciaz, and City
* Variants: S, EX, SX, and SX Opt for Hyundai Verna; Zeta and Alpha for Maruti Ciaz; and V Elegant for Honda City
* Body type: Sedan
* Transmission: All manual
* Power: Verna S ...
      STATS: Overall Quality: 0.931
      STATS: Faithfulness: N/A
      STATS: Relevancy: N/A

   Q3: Compare the fuel economy of these options
      SUCCESS: Answer generated (9.40s)
      Q💬A: Answer:  Here are the fuel efficiency (claimed) figures for each of the cars mentioned in the context:

1. Hyundai Verna S - Petrol: 17.7 kmpl
2. Hyundai Verna EX - Petrol: 17.7 kmpl
3. Volkswagen Virtus Highline - Petrol: 19.1 kmpl
4. Hyundai Verna SX - Petrol: 17.7 kmpl
5. Volkswagen Virtus Comfortline - ...
      STATS: Overall Quality: 0.887
      STATS: Faithfulness: N/A
      STATS: Relevancy: N/A

############################################################
Progress: 42/100 (42.0%)
TIME:  Estimated time remaining: 35.4 minutes

============================================================
TEST: Test Case #42: Weekend road-tripper
============================================================
PREFS: Budget: ₹1,500,000-₹2,000,000 | Fuel: Electric | Body: Hatchback | Trans: Automatic | Seats: 8 | Features: Apple CarPlay/Android Auto, Automatic Climate Control

STATS: Getting recommendations...
   SUCCESS: Got 5 recommendations
   TIME:  Response time: 1.67s

   CARS: Recommended Cars:
      1. Mahindra BE 6 Pack One
         Price: Rs.18,90,000 | Fuel: Electric | Trans: N/A
         Match Score: 27.000
      2. Hyundai Creta Electric Smart
         Price: Rs.18,99,900 | Fuel: Electric | Trans: N/A
         Match Score: 27.000
      3. Tata Curvv EV Accomplished 45
         Price: Rs.18,49,000 | Fuel: Electric | Trans: N/A
         Match Score: 27.000
      4. Tata Curvv EV Accomplished 55
         Price: Rs.19,25,000 | Fuel: Electric | Trans: N/A
         Match Score: 27.000
      5. Tata Curvv EV Creative 45
         Price: Rs.17,49,000 | Fuel: Electric | Trans: N/A
         Match Score: 27.000
   STATS: Overall Quality: 0.447
   STATS: Relevance: 0.571
   STATS: Diversity: 0.287
   STATS: NDCG@K: 1.0000
   STATS: ILD (Diversity): 0.0872
   STATS: Novelty: 0.3400
   STATS: Serendipity: 0.2380

Q💬A: Asking 3 questions...

   Q1: Compare the fuel economy of these options
      SUCCESS: Answer generated (4.69s)
      Q💬A: Answer:  Here are the claimed fuel efficiencies of the cars in your question:

- Mahindra BE 6 Pack One: 21.8 kmpl
- Hyundai Creta Electric Smart: Not applicable as it's an electric vehicle
- Tata Curvv EV Accomplished 45: Not applicable as it's an electric vehicle
- Tata Curvv EV Accomplished 55: Not appli...
      STATS: Overall Quality: 0.884
      STATS: Faithfulness: N/A
      STATS: Relevancy: N/A

   Q2: Why is one car ranked higher than others?
      SUCCESS: Answer generated (4.79s)
      Q💬A: Answer:  The ranking of cars depends on various factors such as power, comfort, features, and price. However, without specific information about the ranking system or the source, it's challenging to provide an accurate answer. 

Based on the provided context, the Hyundai Creta Electric Smart and Hyundai Cre...
      STATS: Overall Quality: 0.874
      STATS: Faithfulness: N/A
      STATS: Relevancy: N/A

   Q3: Which is the most affordable option?
      SUCCESS: Answer generated (2.85s)
      Q💬A: Answer:  Based on the provided context, the most affordable electric SUV option is the Tata Curvv EV Creative 45. It is priced at Rs. 17,49,000.
      STATS: Overall Quality: 0.911
      STATS: Faithfulness: N/A
      STATS: Relevancy: N/A

############################################################
Progress: 43/100 (43.0%)
TIME:  Estimated time remaining: 34.5 minutes

============================================================
TEST: Test Case #43: Weekend road-tripper
============================================================
PREFS: Budget: ₹500,000-₹800,000 | Fuel: Any | Body: SUV | Trans: Manual | Seats: 8 | Features: Apple CarPlay/Android Auto, Wireless Charging, 360 Camera

STATS: Getting recommendations...
   SUCCESS: Got 5 recommendations
   TIME:  Response time: 1.95s

   CARS: Recommended Cars:
      1. Kia Syros HTK Turbo
         Price: Rs.8,99,900 | Fuel: Petrol | Trans: N/A
         Match Score: 20.000
      2. Maruti Brezza Lxi
         Price: Rs.8,69,000 | Fuel: Petrol | Trans: N/A
         Match Score: 20.000
      3. Skoda Kylaq Classic
         Price: Rs.7,89,000 | Fuel: Petrol | Trans: N/A
         Match Score: 18.000
      4. Citroen Aircross You
         Price: Rs.8,49,000 | Fuel: Petrol | Trans: N/A
         Match Score: 18.000
      5. Tata Nexon Smart
         Price: Rs.7,99,990 | Fuel: Petrol | Trans: N/A
         Match Score: 18.000
   STATS: Overall Quality: 0.504
   STATS: Relevance: 0.546
   STATS: Diversity: 0.46
   STATS: NDCG@K: 0.9900
   STATS: ILD (Diversity): 0.2592
   STATS: Novelty: 0.2400
   STATS: Serendipity: 0.1680

Q💬A: Asking 3 questions...

   Q1: Compare the fuel economy of these options
      SUCCESS: Answer generated (9.46s)
      Q💬A: Answer:  Here are the claimed fuel efficiencies of the cars mentioned in the context:

1. Kia Syros HTK Turbo - Petrol: 15.9 kmpl
2. Maruti Brezza Lxi - Petrol: 18.76 kmpl
3. Skoda Kylaq Classic - Petrol: 18.99 kmpl
4. Citroen Aircross You - Petrol: 17.8 kmpl
5. Tata Nexon Smart - Petrol: 16 kmpl
6. Hyundai...
      STATS: Overall Quality: 0.516
      STATS: Faithfulness: N/A
      STATS: Relevancy: N/A

   Q2: What are the main differences between these cars?
      SUCCESS: Answer generated (16.39s)
      Q💬A: Answer:  The main differences between these cars are their brands, models, prices, fuel types, body styles, transmissions, number of seats, power ratings, features, and comfort scores. The Kia Syros HTK Turbo is a Kia SUV with a petrol engine, manual transmission, 5 seats, 118bhp of power, Apple CarPlay/And...
      STATS: Overall Quality: 0.93
      STATS: Faithfulness: N/A
      STATS: Relevancy: N/A

   Q3: Are there any hidden costs I should know?
      SUCCESS: Answer generated (4.28s)
      Q💬A: Answer:  Based on the provided context, there are no mentions of any hidden costs for the cars listed. The prices provided seem to be the ex-showroom prices. However, it's always recommended to check with the dealership for any additional costs such as registration, insurance, and taxes.
      STATS: Overall Quality: 0.845
      STATS: Faithfulness: N/A
      STATS: Relevancy: N/A

############################################################
Progress: 44/100 (44.0%)
TIME:  Estimated time remaining: 33.9 minutes

============================================================
TEST: Test Case #44: Safety-focused family person
============================================================
PREFS: Budget: ₹500,000-₹800,000 | Fuel: CNG | Body: SUV | Trans: Manual | Seats: 5 | Features: Lane Assist

STATS: Getting recommendations...
   SUCCESS: Got 5 recommendations
   TIME:  Response time: 1.92s

   CARS: Recommended Cars:
      1. Renault Kiger RXE CNG
         Price: Rs.6,89,495 | Fuel: CNG | Trans: N/A
         Match Score: 29.000
      2. Renault Kiger RXL CNG
         Price: Rs.7,64,495 | Fuel: CNG | Trans: N/A
         Match Score: 29.000
      3. Tata Punch Pure CNG
         Price: Rs.7,29,990 | Fuel: CNG | Trans: N/A
         Match Score: 29.000
      4. Maruti Celerio VXI CNG
         Price: Rs.6,89,500 | Fuel: CNG | Trans: N/A
         Match Score: 29.000
      5. Hyundai Aura E CNG
         Price: Rs.7,54,800 | Fuel: CNG | Trans: N/A
         Match Score: 29.000
   STATS: Overall Quality: 0.681
   STATS: Relevance: 0.744
   STATS: Diversity: 0.449
   STATS: NDCG@K: 1.0000
   STATS: ILD (Diversity): 0.2682
   STATS: Novelty: 0.3800
   STATS: Serendipity: 0.2660

Q💬A: Asking 3 questions...

   Q1: How many airbags do these cars have?
      SUCCESS: Answer generated (2.09s)
      Q💬A: Answer:  The provided context does not include information about the number of airbags in these cars. I would need additional information to answer this question.
      STATS: Overall Quality: 0.598
      STATS: Faithfulness: N/A
      STATS: Relevancy: N/A

   Q2: What are the main differences between these cars?
      SUCCESS: Answer generated (6.74s)
      Q💬A: Answer:  The main differences between these cars are:

1. Type: They include compact SUVs (Renault Kiger RXE CNG, Renault Kiger RXL CNG, Tata Punch Pure CNG), hatchbacks (Maruti Celerio VXI CNG, Maruti Wagon R VXI CNG, Tata Tiago XM CNG), a sedan (Hyundai Aura E CNG), an MPV (Maruti Eeco 5 Seater AC CNG, Re...
      STATS: Overall Quality: 0.906
      STATS: Faithfulness: N/A
      STATS: Relevancy: N/A

   Q3: Which is the most affordable option?
      SUCCESS: Answer generated (2.21s)
      Q💬A: Answer:  The most affordable CNG vehicle from the provided list is the Maruti Eeco 5 Seater AC CNG, priced at Rs. 6,70,000.
      STATS: Overall Quality: 0.885
      STATS: Faithfulness: N/A
      STATS: Relevancy: N/A

############################################################
Progress: 45/100 (45.0%)
TIME:  Estimated time remaining: 32.9 minutes

============================================================
TEST: Test Case #45: Safety-focused family person
============================================================
PREFS: Budget: ₹2,000,000-₹3,000,000 | Fuel: CNG | Body: Hatchback | Trans: Any | Seats: 8 | Features: Lane Assist, 360 Camera

STATS: Getting recommendations...
   SUCCESS: Got 5 recommendations
   TIME:  Response time: 2.11s

   CARS: Recommended Cars:
      1. Toyota Innova Hycross GX (O) 8STR
         Price: Rs.21,16,000 | Fuel: Petrol | Trans: N/A
         Match Score: 17.000
      2. Maruti Invicto Zeta Plus 8Str
         Price: Rs.25,56,000 | Fuel: Petrol | Trans: N/A
         Match Score: 17.000
      3. Toyota Innova Hycross VX 8STR Hybrid
         Price: Rs.26,36,000 | Fuel: Petrol | Trans: N/A
         Match Score: 17.000
      4. Toyota Innova Hycross VX(O) 8STR Hybrid
         Price: Rs.28,34,000 | Fuel: Petrol | Trans: N/A
         Match Score: 17.000
      5. Toyota Innova Crysta 2.4 GX Plus 8Str
         Price: Rs.21,76,000 | Fuel: Diesel | Trans: N/A
         Match Score: 17.000
   STATS: Overall Quality: 0.51
   STATS: Relevance: 0.417
   STATS: Diversity: 0.292
   STATS: NDCG@K: 1.0000
   STATS: ILD (Diversity): 0.2534
   STATS: Novelty: 0.6000
   STATS: Serendipity: 0.4200

Q💬A: Asking 3 questions...

   Q1: Tell me about the safety ratings of these cars
      SUCCESS: Answer generated (3.38s)
      Q💬A: Answer:  I don't have safety ratings for the specific models listed. However, Toyota and Hyundai generally have good safety ratings in global NCAP tests. The Innova Crysta, for instance, has a 4-star safety rating. Hyundai Alcazar's sibling, Hyundai Creta, has a 5-star safety rating. Always check the specif...
      STATS: Overall Quality: 0.602
      STATS: Faithfulness: N/A
      STATS: Relevancy: N/A

   Q2: What are the pros and cons of each?
      SUCCESS: Answer generated (10.10s)
      Q💬A: Answer:  I'll provide a comparison of the key features and prices for each car. You can determine the pros and cons based on what is most important to you.

1. Toyota Innova Hycross GX (O) 8STR
   - Pros: Affordable, high power (172bhp), Apple CarPlay/Android Auto
   - Cons: Lower comfort score (3.5/5), no ...
      STATS: Overall Quality: 0.866
      STATS: Faithfulness: N/A
      STATS: Relevancy: N/A

   Q3: Tell me about the driving experience
      SUCCESS: Answer generated (6.36s)
      Q💬A: Answer:  Based on the provided context, I can give you a general idea of the driving experience for each car mentioned, but it's important to note that personal experiences can vary.

1. Toyota Innova Hycross GX (O) 8STR: A smooth petrol MPV with 172bhp and automatic transmission, offering a decent driving ...
      STATS: Overall Quality: 0.812
      STATS: Faithfulness: N/A
      STATS: Relevancy: N/A

############################################################
Progress: 46/100 (46.0%)
TIME:  Estimated time remaining: 32.2 minutes

============================================================
TEST: Test Case #46: Status-conscious buyer
============================================================
PREFS: Budget: ₹500,000-₹800,000 | Fuel: CNG | Body: Sedan | Trans: Manual | Seats: 8 | Features: Apple CarPlay/Android Auto

STATS: Getting recommendations...
   SUCCESS: Got 5 recommendations
   TIME:  Response time: 1.76s

   CARS: Recommended Cars:
      1. Hyundai Aura E CNG
         Price: Rs.7,54,800 | Fuel: CNG | Trans: N/A
         Match Score: 31.000
      2. Tata Tigor XT CNG
         Price: Rs.7,69,990 | Fuel: CNG | Trans: N/A
         Match Score: 31.000
      3. Hyundai Aura SX CNG
         Price: Rs.9,11,000 | Fuel: CNG | Trans: N/A
         Match Score: 26.000
      4. Hyundai Aura S CNG
         Price: Rs.8,37,000 | Fuel: CNG | Trans: N/A
         Match Score: 26.000
      5. Hyundai Aura S Corporate CNG
         Price: Rs.8,46,990 | Fuel: CNG | Trans: N/A
         Match Score: 26.000
   STATS: Overall Quality: 0.591
   STATS: Relevance: 0.795
   STATS: Diversity: 0.234
   STATS: NDCG@K: 1.0000
   STATS: ILD (Diversity): 0.0642

Q💬A: Asking 3 questions...

   Q1: Which is most economical to run?
      SUCCESS: Answer generated (3.17s)
      Q💬A: Answer:  Based on the provided context, the Maruti Eeco 5 Seater AC CNG is the most economical to run as it has the lowest price among all the CNG vehicles listed. However, if you're looking for the best balance of price and power, the Tata Tigor XT CNG could be a good option. It offers more power than the ...
      STATS: Overall Quality: 0.868
      STATS: Faithfulness: N/A
      STATS: Relevancy: N/A

   Q2: Why is one car ranked higher than others?
      SUCCESS: Answer generated (2.97s)
      Q💬A: Answer:  A car is ranked higher than others based on a higher comfort score, which is determined by factors such as features, seating comfort, ride quality, and noise levels, among others. For instance, the Tata Tigor XZ Plus CNG is ranked higher due to its comfort score of 3.75/5, which is the highest in t...
      STATS: Overall Quality: 0.87
      STATS: Faithfulness: N/A
      STATS: Relevancy: N/A

   Q3: Tell me about the safety ratings of these cars
      SUCCESS: Answer generated (2.35s)
      Q💬A: Answer:  I don't have safety ratings for the specific CNG models listed. However, globally, Hyundai, Tata, and Maruti cars generally meet safety standards. For precise ratings, check Global NCAP or ASEAN NCAP websites or the respective manufacturer's safety reports.
      STATS: Overall Quality: 0.547
      STATS: Faithfulness: N/A
      STATS: Relevancy: N/A

############################################################
Progress: 47/100 (47.0%)
TIME:  Estimated time remaining: 31.2 minutes

============================================================
TEST: Test Case #47: Budget-conscious first-time buyer
============================================================
PREFS: Budget: ₹1,000,000-₹1,500,000 | Fuel: CNG | Body: MUV | Trans: Manual | Seats: 7 | Features: Automatic Climate Control, Apple CarPlay/Android Auto

STATS: Getting recommendations...
   SUCCESS: Got 5 recommendations
   TIME:  Response time: 1.95s

   CARS: Recommended Cars:
      1. Maruti Ertiga ZXI (O) CNG
         Price: Rs.11,98,000 | Fuel: CNG | Trans: N/A
         Match Score: 29.000
      2. Maruti Ertiga VXi (O) CNG
         Price: Rs.10,88,000 | Fuel: CNG | Trans: N/A
         Match Score: 29.000
      3. Toyota Rumion S CNG
         Price: Rs.11,49,000 | Fuel: CNG | Trans: N/A
         Match Score: 29.000
      4. Maruti XL6 Zeta CNG
         Price: Rs.12,66,000 | Fuel: CNG | Trans: N/A
         Match Score: 24.000
      5. Maruti Ertiga Tour STD CNG
         Price: Rs.10,70,000 | Fuel: CNG | Trans: N/A
         Match Score: 29.000
   STATS: Overall Quality: 0.494
   STATS: Relevance: 0.667
   STATS: Diversity: 0.232
   STATS: NDCG@K: 1.0000
   STATS: ILD (Diversity): 0.0627
   STATS: Novelty: 0.3000
   STATS: Serendipity: 0.2100

Q💬A: Asking 3 questions...

   Q1: Are there any hidden costs I should know?
      SUCCESS: Answer generated (2.37s)
      Q💬A: Answer:  In the provided context, there is no information about hidden costs related to any of the cars. The prices listed are the ones you see. However, it's always a good idea to check with the dealership for any additional costs, such as documentation fees, insurance, or registration charges, which might...
      STATS: Overall Quality: 0.787
      STATS: Faithfulness: N/A
      STATS: Relevancy: N/A

   Q2: Why is one car ranked higher than others?
      SUCCESS: Answer generated (3.19s)
      Q💬A: Answer:  A car's ranking could be based on various factors such as power, price, features, comfort score, and seating capacity. For instance, the Maruti Brezza Zxi CNG is ranked higher than some others due to its slightly better comfort score of 3.75, compared to 3.5 for many others, and its ventilated seat...
      STATS: Overall Quality: 0.794
      STATS: Faithfulness: N/A
      STATS: Relevancy: N/A

   Q3: What is the warranty coverage?
      SUCCESS: Answer generated (1.87s)
      Q💬A: Answer:  The context does not provide information on the warranty coverage for any of the cars listed.
      STATS: Overall Quality: 0.631
      STATS: Faithfulness: N/A
      STATS: Relevancy: N/A

############################################################
Progress: 48/100 (48.0%)
TIME:  Estimated time remaining: 30.2 minutes

============================================================
TEST: Test Case #48: Luxury comfort seeker
============================================================
PREFS: Budget: ₹700,000-₹1,400,000 | Fuel: Hybrid | Body: MUV | Trans: Automatic | Seats: 5 | Features: Wireless Charging

STATS: Getting recommendations...
   SUCCESS: Got 5 recommendations
   TIME:  Response time: 1.86s

   CARS: Recommended Cars:
      1. Hyundai Venue S Opt Turbo DCT
         Price: Rs.11,94,900 | Fuel: Petrol | Trans: N/A
         Match Score: 23.000
      2. Honda Elevate V CVT
         Price: Rs.13,91,000 | Fuel: Petrol | Trans: N/A
         Match Score: 23.000
      3. Citroen Aircross Turbo Plus AT
         Price: Rs.13,41,300 | Fuel: Petrol | Trans: N/A
         Match Score: 23.000
      4. Hyundai Venue N Line N8 Turbo DCT
         Price: Rs.13,81,800 | Fuel: Petrol | Trans: N/A
         Match Score: 23.000
      5. Hyundai Venue N Line N6 Turbo DCT
         Price: Rs.12,94,300 | Fuel: Petrol | Trans: N/A
         Match Score: 23.000
   STATS: Overall Quality: 0.537
   STATS: Relevance: 0.538
   STATS: Diversity: 0.391
   STATS: NDCG@K: 1.0000
   STATS: ILD (Diversity): 0.2489
   STATS: Novelty: 0.6400
   STATS: Serendipity: 0.4480

Q💬A: Asking 3 questions...

   Q1: Which has the most spacious interior?
      SUCCESS: Answer generated (3.02s)
      Q💬A: Answer:  Based on the provided context, the cars listed are all similar in interior spaciousness as they all have a seat capacity of 5.0. The context does not provide specific information on each car's interior space, so I cannot definitively say which has the most spacious interior. However, dimensions of ...
      STATS: Overall Quality: 0.745
      STATS: Faithfulness: N/A
      STATS: Relevancy: N/A

   Q2: How do these cars compare overall?
      SUCCESS: Answer generated (5.27s)
      Q💬A: Answer:  Based on the provided context, here's a concise comparison:

All cars are automatic, have petrol engines, and seat 5. Prices range from around 11.33 lakhs to 13.99 lakhs. 

The Hyundai Venue models have a power output of 118bhp, except for the Venue S Opt Turbo DCT which also has a power output of ...
      STATS: Overall Quality: 0.808
      STATS: Faithfulness: N/A
      STATS: Relevancy: N/A

   Q3: What is the mileage of these cars?
      SUCCESS: Answer generated (2.05s)
      Q💬A: Answer:  I don't have the mileage information for the cars listed in the context you provided. The context only includes details such as car names, prices, fuel types, transmission, seating capacity, power, features, and comfort scores.
      STATS: Overall Quality: 0.584
      STATS: Faithfulness: N/A
      STATS: Relevancy: N/A

############################################################
Progress: 49/100 (49.0%)
TIME:  Estimated time remaining: 29.4 minutes

============================================================
TEST: Test Case #49: City driver with parking concerns
============================================================
PREFS: Budget: ₹600,000-₹1,000,000 | Fuel: Diesel | Body: SUV | Trans: Manual | Seats: 7 | Features: 360 Camera, Apple CarPlay/Android Auto, Automatic Climate Control

STATS: Getting recommendations...
   SUCCESS: Got 5 recommendations
   TIME:  Response time: 2.64s

   CARS: Recommended Cars:
      1. Mahindra Bolero B4
         Price: Rs.9,79,400 | Fuel: Diesel | Trans: N/A
         Match Score: 36.000
      2. Mahindra Bolero B6
         Price: Rs.9,99,901 | Fuel: Diesel | Trans: N/A
         Match Score: 36.000
      3. Mahindra Bolero Neo N4
         Price: Rs.9,94,599 | Fuel: Diesel | Trans: N/A
         Match Score: 36.000
      4. Mahindra Bolero Neo Plus P4
         Price: Rs.11,39,000 | Fuel: Diesel | Trans: N/A
         Match Score: 34.000
      5. Mahindra Bolero B6 Opt
         Price: Rs.10,90,600 | Fuel: Diesel | Trans: N/A
         Match Score: 31.000
   STATS: Overall Quality: 0.49
   STATS: Relevance: 0.8
   STATS: Diversity: 0.172
   STATS: NDCG@K: 1.0000
   STATS: ILD (Diversity): 0.0166
   STATS: Novelty: 0.2000
   STATS: Serendipity: 0.1400

Q💬A: Asking 3 questions...

   Q1: What are the main differences between these cars?
      SUCCESS: Answer generated (4.75s)
      Q💬A: Answer:  The main differences between these cars are:

1. Price: Prices range from around 9.99 lakhs to 11.49 lakhs.
2. Number of seats: They can seat 5, 7, or 9 people.
3. Power: The power ranges from 74bhp to 118bhp.
4. Features: Some have 360-degree cameras, Apple CarPlay/Android Auto, or a 360-degree vi...
      STATS: Overall Quality: 0.89
      STATS: Faithfulness: N/A
      STATS: Relevancy: N/A

   Q2: Why is one car ranked higher than others?
      SUCCESS: Answer generated (2.84s)
      Q💬A: Answer:  A car's ranking could be based on various factors including power, price, comfort score, and features. For instance, the Kia Syros HTK Opt Diesel is ranked higher than some other cars listed due to its higher power (114bhp) and better comfort score (3.75/5), despite having similar pricing. However,...
      STATS: Overall Quality: 0.793
      STATS: Faithfulness: N/A
      STATS: Relevancy: N/A

   Q3: Which has the best resale value?
      SUCCESS: Answer generated (3.29s)
      Q💬A: Answer:  I don't have enough information to provide the resale values of these specific models directly. However, according to various automotive reports and studies, Mahindra, Tata, and Kia vehicles generally have a good resale value in the Indian market. Among the listed cars, Mahindra models like the Bol...
      STATS: Overall Quality: 0.641
      STATS: Faithfulness: N/A
      STATS: Relevancy: N/A

############################################################
Progress: 50/100 (50.0%)
TIME:  Estimated time remaining: 28.5 minutes

============================================================
TEST: Test Case #50: Performance enthusiast
============================================================
PREFS: Budget: ₹1,800,000-₹2,500,000 | Fuel: Petrol | Body: MUV | Trans: Automatic | Seats: 7 | Features: Lane Assist, Apple CarPlay/Android Auto

STATS: Getting recommendations...
   SUCCESS: Got 5 recommendations
   TIME:  Response time: 2.19s

   CARS: Recommended Cars:
      1. Mahindra XUV700 AX5 7 Str AT
         Price: Rs.19,93,999 | Fuel: Petrol | Trans: N/A
         Match Score: 29.000
      2. Mahindra XUV700 AX5 S 7 Str AT
         Price: Rs.18,63,999 | Fuel: Petrol | Trans: N/A
         Match Score: 29.000
      3. Mahindra XUV700 AX7 7Str AT
         Price: Rs.21,44,000 | Fuel: Petrol | Trans: N/A
         Match Score: 29.000
      4. Mahindra XUV700 AX7L 7Str AT
         Price: Rs.23,18,999 | Fuel: Petrol | Trans: N/A
         Match Score: 29.000
      5. Mahindra XUV700 AX7L Ebony Edition 7Str AT
         Price: Rs.23,34,000 | Fuel: Petrol | Trans: N/A
         Match Score: 29.000
   STATS: Overall Quality: 0.509
   STATS: Relevance: 0.69
   STATS: Diversity: 0.177
   STATS: NDCG@K: 1.0000
   STATS: ILD (Diversity): 0.0247
   STATS: Novelty: 0.5000
   STATS: Serendipity: 0.3500

Q💬A: Asking 3 questions...

   Q1: Tell me about the driving experience
      SUCCESS: Answer generated (3.31s)
      Q💬A: Answer:  Based on the provided context, I can tell you that all the cars mentioned have a 7-seater SUV design, automatic transmission, and a powerful petrol engine with 197 or 200bhp. They also share similar features such as a sunroof, Apple CarPlay/Android Auto, and ventilated seats. However, the driving e...
      STATS: Overall Quality: 0.806
      STATS: Faithfulness: N/A
      STATS: Relevancy: N/A

   Q2: Which car should I choose and why?
      SUCCESS: Answer generated (3.36s)
      Q💬A: Answer:  I don't have enough information to choose the best car for you as I don't know your preferences, budget, or specific needs. However, if you're looking for a petrol Mahindra SUV with 7 seats, all the options provided have similar features, power, and comfort score. The price varies, so you could cho...
      STATS: Overall Quality: 0.765
      STATS: Faithfulness: N/A
      STATS: Relevancy: N/A

   Q3: Which is most economical to run?
      SUCCESS: Answer generated (2.87s)
      Q💬A: Answer:  The most economical car to run in terms of initial price would be the Mahindra Scorpio N Z8 Select AT, priced at Rs. 18,83,998. However, if you're considering fuel efficiency, I don't have this information in the provided context.
      STATS: Overall Quality: 0.52
      STATS: Faithfulness: N/A
      STATS: Relevancy: N/A

💾 Saved intermediate results to results/intermediate_results_50.json

############################################################
Progress: 51/100 (51.0%)
TIME:  Estimated time remaining: 27.7 minutes

============================================================
TEST: Test Case #51: Retired couple
============================================================
PREFS: Budget: ₹800,000-₹1,200,000 | Fuel: Hybrid | Body: Sedan | Trans: Manual | Seats: 7 | Features: Lane Assist

STATS: Getting recommendations...
   SUCCESS: Got 5 recommendations
   TIME:  Response time: 2.05s

   CARS: Recommended Cars:
      1. Hyundai Aura S CNG
         Price: Rs.8,37,000 | Fuel: CNG | Trans: N/A
         Match Score: 23.000
      2. Hyundai Aura SX CNG
         Price: Rs.9,11,000 | Fuel: CNG | Trans: N/A
         Match Score: 23.000
      3. Hyundai Aura SX Option
         Price: Rs.8,71,200 | Fuel: Petrol | Trans: N/A
         Match Score: 23.000
      4. Hyundai Aura S Corporate CNG
         Price: Rs.8,46,990 | Fuel: CNG | Trans: N/A
         Match Score: 23.000
      5. Hyundai Aura SX
         Price: Rs.8,14,700 | Fuel: Petrol | Trans: N/A
         Match Score: 23.000
   STATS: Overall Quality: 0.488
   STATS: Relevance: 0.59
   STATS: Diversity: 0.218
   STATS: NDCG@K: 1.0000
   STATS: ILD (Diversity): 0.1447
   STATS: Novelty: 0.3000
   STATS: Serendipity: 0.2100

Q💬A: Asking 3 questions...

   Q1: Which car has the most technology features?
      SUCCESS: Answer generated (5.75s)
      Q💬A: Answer:  Based on the provided context, the Hyundai Creta SX Tech and SX Premium variants have the most technology features. They are equipped with ADAS (Advanced Driver Assistance System) features such as lane keeping assist and forward collision avoidance, as well as a Bose 8-speaker sound system. However...
      STATS: Overall Quality: 0.559
      STATS: Faithfulness: N/A
      STATS: Relevancy: N/A

   Q2: What are the pros and cons of each?
      SUCCESS: Answer generated (10.25s)
      Q💬A: Answer:  Here are the pros and cons of the Hyundai Aura and Hyundai Creta models mentioned in the context:

Hyundai Aura S CNG, Hyundai Aura SX CNG, Hyundai Aura S Corporate CNG, Hyundai Aura SX Option, and Hyundai Aura SX:

Pros:
- Affordable pricing
- CNG options for better fuel efficiency and lower emiss...
      STATS: Overall Quality: 0.89
      STATS: Faithfulness: N/A
      STATS: Relevancy: N/A

   Q3: What safety features are included?
      SUCCESS: Answer generated (4.24s)
      Q💬A: Answer:  The safety features included in the Hyundai Creta are 6 airbags, ABS with EBD, electronic stability control, hill assist, and a tyre pressure monitoring system. Higher variants also get a 360-degree camera and Level 2 ADAS with features such as auto emergency braking, adaptive cruise control, blind...
      STATS: Overall Quality: 0.251
      STATS: Faithfulness: N/A
      STATS: Relevancy: N/A

############################################################
Progress: 52/100 (52.0%)
TIME:  Estimated time remaining: 27.0 minutes

============================================================
TEST: Test Case #52: College student on tight budget
============================================================
PREFS: Budget: ₹500,000-₹800,000 | Fuel: Diesel | Body: Any | Trans: Any | Seats: 7 | Features: Apple CarPlay/Android Auto, Automatic Climate Control

STATS: Getting recommendations...
   SUCCESS: Got 5 recommendations
   TIME:  Response time: 1.96s

   CARS: Recommended Cars:
      1. Renault Triber RXL CNG
         Price: Rs.7,79,495 | Fuel: CNG | Trans: N/A
         Match Score: 15.000
      2. Maruti Eeco 7 Seater STD
         Price: Rs.5,73,000 | Fuel: Petrol | Trans: N/A
         Match Score: 15.000
      3. Renault Triber RXL
         Price: Rs.6,99,995 | Fuel: Petrol | Trans: N/A
         Match Score: 15.000
      4. Tata Altroz XT Diesel
         Price: Rs.9,49,990 | Fuel: Diesel | Trans: N/A
         Match Score: 13.000
      5. Tata Altroz XM Plus S Diesel
         Price: Rs.9,09,990 | Fuel: Diesel | Trans: N/A
         Match Score: 13.000
   STATS: Overall Quality: 0.571
   STATS: Relevance: 0.559
   STATS: Diversity: 0.465
   STATS: NDCG@K: 0.8083
   STATS: ILD (Diversity): 0.4483
   STATS: Novelty: 0.2600
   STATS: Serendipity: 0.1820

Q💬A: Asking 3 questions...

   Q1: Are there any hidden costs I should know?
      SUCCESS: Answer generated (2.47s)
      Q💬A: Answer:  Based on the provided context, there are no mentions of hidden costs for any of these car models. However, it's important to note that usually, the prices provided do not include insurance, registration, and additional dealer charges. These costs can vary and should be confirmed with the dealership...
      STATS: Overall Quality: 0.804
      STATS: Faithfulness: N/A
      STATS: Relevancy: N/A

   Q2: Which car should I choose and why?
      SUCCESS: Answer generated (3.15s)
      Q💬A: Answer:  I don't have enough information to choose the best car for you as I don't know your preferences, budget, or specific needs. However, if you're looking for a 7-seater MPV with CNG, the Renault Triber RXL CNG is a good option with Apple CarPlay/Android Auto and a comfort score of 3.25/5. If budget is...
      STATS: Overall Quality: 0.783
      STATS: Faithfulness: N/A
      STATS: Relevancy: N/A

   Q3: Which car has the best performance?
      SUCCESS: Answer generated (2.56s)
      Q💬A: Answer:  The car with the best performance, in terms of power, is the Tata Altroz XT Diesel with 88bhp. However, power isn't the only factor that determines performance. You might also want to consider factors like torque, transmission, and the car's 0-100 km/h time.
      STATS: Overall Quality: 0.793
      STATS: Faithfulness: N/A
      STATS: Relevancy: N/A

############################################################
Progress: 53/100 (53.0%)
TIME:  Estimated time remaining: 26.2 minutes

============================================================
TEST: Test Case #53: Eco-conscious buyer
============================================================
PREFS: Budget: ₹700,000-₹1,400,000 | Fuel: Diesel | Body: Crossover | Trans: Manual | Seats: 5 | Features: Automatic Climate Control, Apple CarPlay/Android Auto

STATS: Getting recommendations...
   SUCCESS: Got 5 recommendations
   TIME:  Response time: 2.09s

   CARS: Recommended Cars:
      1. Hyundai Venue SX Diesel
         Price: Rs.12,46,000 | Fuel: Diesel | Trans: N/A
         Match Score: 29.000
      2. Hyundai Venue SX DT Diesel
         Price: Rs.12,61,000 | Fuel: Diesel | Trans: N/A
         Match Score: 29.000
      3. Hyundai Venue SX Opt Diesel
         Price: Rs.13,37,600 | Fuel: Diesel | Trans: N/A
         Match Score: 29.000
      4. Hyundai Venue S Plus Diesel
         Price: Rs.10,79,700 | Fuel: Diesel | Trans: N/A
         Match Score: 29.000
      5. Kia Sonet HTX Diesel
         Price: Rs.12,51,900 | Fuel: Diesel | Trans: N/A
         Match Score: 29.000
   STATS: Overall Quality: 0.5
   STATS: Relevance: 0.69
   STATS: Diversity: 0.234
   STATS: NDCG@K: 1.0000
   STATS: ILD (Diversity): 0.0627
   STATS: Novelty: 0.3400
   STATS: Serendipity: 0.2380

Q💬A: Asking 3 questions...

   Q1: What are the pros and cons of each?
      SUCCESS: Answer generated (6.47s)
      Q💬A: Answer:  I don't have enough information to provide a detailed list of pros and cons for each model. However, I can give you a brief overview based on the provided context:

1. Hyundai Venue SX Diesel: Pros - Competitive pricing, Apple CarPlay/Android Auto, similar power to others. Con - Lower comfort score...
      STATS: Overall Quality: 0.816
      STATS: Faithfulness: N/A
      STATS: Relevancy: N/A

   Q2: How do these cars compare overall?
      SUCCESS: Answer generated (4.42s)
      Q💬A: Answer:  Based on the provided context, here's a concise comparison of the cars:

All listed cars are diesel, manual, compact SUVs with 5 seats and 114bhp power. They vary in price, features, and comfort score.

1. Hyundai Venue SX Diesel, Venue SX DT Diesel, Venue SX Opt Diesel, Venue S Plus Diesel, and Ve...
      STATS: Overall Quality: 0.817
      STATS: Faithfulness: N/A
      STATS: Relevancy: N/A

   Q3: How is the engine power comparison?
      SUCCESS: Answer generated (3.31s)
      Q💬A: Answer:  The engine power for all the cars listed is 114bhp, so they have the same engine power. This includes the Hyundai Venue SX Diesel, Hyundai Venue SX DT Diesel, Hyundai Venue SX Opt Diesel, Hyundai Venue S Plus Diesel, Kia Sonet HTX Diesel, Hyundai Venue SX Opt DT Diesel, Kia Sonet HTK Plus (O) Diese...
      STATS: Overall Quality: 0.898
      STATS: Faithfulness: N/A
      STATS: Relevancy: N/A

############################################################
Progress: 54/100 (54.0%)
TIME:  Estimated time remaining: 25.5 minutes

============================================================
TEST: Test Case #54: Young professional
============================================================
PREFS: Budget: ₹1,000,000-₹1,500,000 | Fuel: Diesel | Body: SUV | Trans: Manual | Seats: 7 | Features: Sunroof

STATS: Getting recommendations...
   SUCCESS: Got 5 recommendations
   TIME:  Response time: 2.02s

   CARS: Recommended Cars:
      1. Mahindra Scorpio S
         Price: Rs.13,61,599 | Fuel: Diesel | Trans: N/A
         Match Score: 39.000
      2. Mahindra Bolero Neo Plus P10
         Price: Rs.12,49,000 | Fuel: Diesel | Trans: N/A
         Match Score: 39.000
      3. Mahindra Bolero Neo Plus P4
         Price: Rs.11,39,000 | Fuel: Diesel | Trans: N/A
         Match Score: 39.000
      4. Mahindra Scorpio S 9 Seater
         Price: Rs.13,86,599 | Fuel: Diesel | Trans: N/A
         Match Score: 39.000
      5. Mahindra Scorpio N Z2 Diesel
         Price: Rs.14,39,699 | Fuel: Diesel | Trans: N/A
         Match Score: 39.000
   STATS: Overall Quality: 0.502
   STATS: Relevance: 0.923
   STATS: Diversity: 0.176
   STATS: NDCG@K: 1.0000
   STATS: ILD (Diversity): 0.0236
   STATS: Novelty: 0.2000
   STATS: Serendipity: 0.1400

Q💬A: Asking 3 questions...

   Q1: Why is one car ranked higher than others?
      SUCCESS: Answer generated (3.22s)
      Q💬A: Answer:  Cars are ranked based on their Comfort Scores, power, and price. For instance, the Mahindra XUV700 MX 7Str Diesel is ranked higher than others due to its higher Comfort Score (3.5/5) and more power (152bhp) compared to the other vehicles listed. Additionally, it offers features like Apple CarPlay/A...
      STATS: Overall Quality: 0.463
      STATS: Faithfulness: N/A
      STATS: Relevancy: N/A

   Q2: What are the pros and cons of each?
      SUCCESS: Answer generated (8.53s)
      Q💬A: Answer:  I'll provide a comparison of each car, focusing on price, power, features, and comfort score. However, I won't explicitly label them as "pros" and "cons" because the significance of each feature can vary depending on the buyer's preferences.

1. Mahindra Scorpio S
- Price: Rs. 13,61,599
- Power: 13...
      STATS: Overall Quality: 0.828
      STATS: Faithfulness: N/A
      STATS: Relevancy: N/A

   Q3: What is the mileage of these cars?
      SUCCESS: Answer generated (2.18s)
      Q💬A: Answer:  I don't have the mileage information for the cars listed in the context, as it was not provided. The context includes details such as car models, prices, fuel types, transmissions, seating capacities, power, features, and comfort scores, but not mileage.
      STATS: Overall Quality: 0.584
      STATS: Faithfulness: N/A
      STATS: Relevancy: N/A

############################################################
Progress: 55/100 (55.0%)
TIME:  Estimated time remaining: 24.8 minutes

============================================================
TEST: Test Case #55: Status-conscious buyer
============================================================
PREFS: Budget: ₹500,000-₹800,000 | Fuel: CNG | Body: Crossover | Trans: Manual | Seats: 7 | Features: Automatic Climate Control

STATS: Getting recommendations...
   SUCCESS: Got 5 recommendations
   TIME:  Response time: 1.91s

   CARS: Recommended Cars:
      1. Renault Triber RXE CNG
         Price: Rs.6,89,495 | Fuel: CNG | Trans: N/A
         Match Score: 29.000
      2. Renault Triber RXL CNG
         Price: Rs.7,79,495 | Fuel: CNG | Trans: N/A
         Match Score: 29.000
      3. Renault Kiger RXE CNG
         Price: Rs.6,89,495 | Fuel: CNG | Trans: N/A
         Match Score: 24.000
      4. Maruti Celerio VXI CNG
         Price: Rs.6,89,500 | Fuel: CNG | Trans: N/A
         Match Score: 24.000
      5. Renault Kiger RXL CNG
         Price: Rs.7,64,495 | Fuel: CNG | Trans: N/A
         Match Score: 24.000
   STATS: Overall Quality: 0.67
   STATS: Relevance: 0.667
   STATS: Diversity: 0.331
   STATS: NDCG@K: 1.0000
   STATS: ILD (Diversity): 0.2369
   STATS: Novelty: 0.4600
   STATS: Serendipity: 0.3220

Q💬A: Asking 3 questions...

   Q1: What are the main differences between these cars?
      SUCCESS: Answer generated (5.11s)
      Q💬A: Answer:  The main differences between these cars are:

1. Type/Segment: There are MPVs (like Renault Triber, Maruti Eeco), Compact SUVs (Renault Kiger), Hatchbacks (Renault Kiger, Maruti Celerio, Maruti S-Presso, Tata Altroz), and a Sedan (Hyundai Aura).

2. Seating Capacity: Ranges from 4 (Maruti S-Presso)...
      STATS: Overall Quality: 0.888
      STATS: Faithfulness: N/A
      STATS: Relevancy: N/A

   Q2: What are the main differences between these cars?
      SUCCESS: Answer generated (5.23s)
      Q💬A: Answer:  The main differences between these cars are:

1. Type/Segment: There are MPVs (Renault Triber in three variants, Maruti Eeco), compact SUVs (Renault Kiger in two variants), a hatchback (Tata Altroz, Maruti S-Presso, Maruti Celerio), a sedan (Hyundai Aura), and an entry-level small car (Maruti Eeco)...
      STATS: Overall Quality: 0.896
      STATS: Faithfulness: N/A
      STATS: Relevancy: N/A

   Q3: Which has the lowest service cost?
      SUCCESS: Answer generated (2.12s)
      Q💬A: Answer:  The context does not provide information on service costs of the mentioned cars. I don't have enough information to give an accurate answer.
      STATS: Overall Quality: 0.58
      STATS: Faithfulness: N/A
      STATS: Relevancy: N/A

############################################################
Progress: 56/100 (56.0%)
TIME:  Estimated time remaining: 24.1 minutes

============================================================
TEST: Test Case #56: Resale value focused buyer
============================================================
PREFS: Budget: ₹2,000,000-₹3,000,000 | Fuel: Diesel | Body: Any | Trans: Manual | Seats: 5 | Features: Automatic Climate Control

STATS: Getting recommendations...
   SUCCESS: Got 5 recommendations
   TIME:  Response time: 1.72s

   CARS: Recommended Cars:
      1. Mahindra Scorpio N Z8L Carbon Edition Diesel
         Price: Rs.21,29,900 | Fuel: Diesel | Trans: N/A
         Match Score: 29.000
      2. Mahindra XUV700 AX7 6 Str Diesel
         Price: Rs.20,18,999 | Fuel: Diesel | Trans: N/A
         Match Score: 29.000
      3. Mahindra XUV700 AX7L Ebony Edition 7Str Diesel
         Price: Rs.22,39,000 | Fuel: Diesel | Trans: N/A
         Match Score: 29.000
      4. Mahindra Scorpio N Z8 Carbon Edition Diesel 4x4
         Price: Rs.21,71,700 | Fuel: Diesel | Trans: N/A
         Match Score: 29.000
      5. Mahindra Scorpio N Z8L Carbon Edition Diesel 4x4
         Price: Rs.23,33,100 | Fuel: Diesel | Trans: N/A
         Match Score: 29.000
   STATS: Overall Quality: 0.5
   STATS: Relevance: 0.906
   STATS: Diversity: 0.17
   STATS: NDCG@K: 1.0000
   STATS: ILD (Diversity): 0.0144
   STATS: Novelty: 0.2000
   STATS: Serendipity: 0.1400

Q💬A: Asking 3 questions...

   Q1: Which car has the most technology features?
      SUCCESS: Answer generated (3.09s)
      Q💬A: Answer:  The Mahindra XUV700 AX7L Ebony Edition 7Str Diesel and the Mahindra XUV700 AX7 Ebony Edition 7Str Diesel both have the most technology features among the provided cars. They both come with a sunroof, Apple CarPlay/Android Auto, and ventilated seats.
      STATS: Overall Quality: 0.873
      STATS: Faithfulness: N/A
      STATS: Relevancy: N/A

   Q2: Why is one car ranked higher than others?
      SUCCESS: Answer generated (2.23s)
      Q💬A: Answer:  The context does not provide specific information about a ranking system that would justify why one car is ranked higher than the others. The list only shows various car models with their respective specifications, prices, and comfort scores, but it does not indicate any ranking or criteria for ran...
      STATS: Overall Quality: 0.506
      STATS: Faithfulness: N/A
      STATS: Relevancy: N/A

   Q3: How is the rear seat comfort?
      SUCCESS: Answer generated (2.99s)
      Q💬A: Answer:  Based on the provided context, all the cars listed have a Comfort Score of 3.75/5, but the context does not contain specific information about rear seat comfort for each car. It can be inferred that they have similar comfort levels in the rear seats. However, for a more specific answer, the individ...
      STATS: Overall Quality: 0.717
      STATS: Faithfulness: N/A
      STATS: Relevancy: N/A

############################################################
Progress: 57/100 (57.0%)
TIME:  Estimated time remaining: 23.3 minutes

============================================================
TEST: Test Case #57: Status-conscious buyer
============================================================
PREFS: Budget: ₹800,000-₹1,200,000 | Fuel: Hybrid | Body: Sedan | Trans: Any | Seats: 7 | Features: Automatic Climate Control

STATS: Getting recommendations...
   SUCCESS: Got 5 recommendations
   TIME:  Response time: 1.92s

   CARS: Recommended Cars:
      1. Maruti Ciaz Delta AT
         Price: Rs.11,11,000 | Fuel: Petrol | Trans: N/A
         Match Score: 20.000
      2. Maruti Ciaz Delta
         Price: Rs.9,99,500 | Fuel: Petrol | Trans: N/A
         Match Score: 20.000
      3. Maruti Ciaz Sigma
         Price: Rs.9,41,500 | Fuel: Petrol | Trans: N/A
         Match Score: 20.000
      4. Volkswagen Virtus Comfortline
         Price: Rs.11,55,900 | Fuel: Petrol | Trans: N/A
         Match Score: 20.000
      5. Hyundai Verna EX
         Price: Rs.11,07,400 | Fuel: Petrol | Trans: N/A
         Match Score: 20.000
   STATS: Overall Quality: 0.493
   STATS: Relevance: 0.515
   STATS: Diversity: 0.295
   STATS: NDCG@K: 1.0000
   STATS: ILD (Diversity): 0.1881
   STATS: Novelty: 0.3400
   STATS: Serendipity: 0.2380

Q💬A: Asking 3 questions...

   Q1: Why is one car ranked higher than others?
      SUCCESS: Answer generated (5.23s)
      Q💬A: Answer:  The Maruti Ciaz Delta AT is ranked higher than the other cars due to its exceptional value proposition. Despite improvements and feature additions, it only costs slightly more than the outgoing model. It has a powerful 1.5L engine with automatic transmission, which provides a smooth driving experie...
      STATS: Overall Quality: 0.948
      STATS: Faithfulness: N/A
      STATS: Relevancy: N/A

   Q2: Which car should I choose and why?
      SUCCESS: Answer generated (6.66s)
      Q💬A: Answer:  Based on the provided context, if you're looking for a petrol sedan with automatic transmission, good comfort, and features, the Maruti Ciaz Zeta AT could be a good choice. It has a 1.5 liter petrol engine with 103bhp of power, automatic transmission, ventilated seats, and a comfort score of 4.25/5...
      STATS: Overall Quality: 0.871
      STATS: Faithfulness: N/A
      STATS: Relevancy: N/A

   Q3: Which car has the best fuel efficiency?
      SUCCESS: Answer generated (3.25s)
      Q💬A: Answer:  Based on the provided context, the Maruti Ciaz Delta AT has a claimed fuel efficiency of 22.94 kmpl, making it the car with the best fuel efficiency in this list.
      STATS: Overall Quality: 0.955
      STATS: Faithfulness: N/A
      STATS: Relevancy: N/A

############################################################
Progress: 58/100 (58.0%)
TIME:  Estimated time remaining: 22.7 minutes

============================================================
TEST: Test Case #58: Safety-focused family person
============================================================
PREFS: Budget: ₹600,000-₹1,000,000 | Fuel: Any | Body: MUV | Trans: Manual | Seats: 5 | Features: Lane Assist, 360 Camera

STATS: Getting recommendations...
   SUCCESS: Got 5 recommendations
   TIME:  Response time: 1.62s

   CARS: Recommended Cars:
      1. Maruti Ciaz Sigma
         Price: Rs.9,41,500 | Fuel: Petrol | Trans: N/A
         Match Score: 23.000
      2. Maruti Ertiga Tour STD
         Price: Rs.9,75,000 | Fuel: Petrol | Trans: N/A
         Match Score: 23.000
      3. Maruti Ciaz Delta
         Price: Rs.9,99,500 | Fuel: Petrol | Trans: N/A
         Match Score: 23.000
      4. Mahindra XUV 3XO MX1
         Price: Rs.7,99,000 | Fuel: Petrol | Trans: N/A
         Match Score: 23.000
      5. Mahindra XUV 3XO MX2 Pro
         Price: Rs.9,39,000 | Fuel: Petrol | Trans: N/A
         Match Score: 23.000
   STATS: Overall Quality: 0.632
   STATS: Relevance: 0.618
   STATS: Diversity: 0.335
   STATS: NDCG@K: 1.0000
   STATS: ILD (Diversity): 0.2644
   STATS: Novelty: 0.3800
   STATS: Serendipity: 0.2660

Q💬A: Asking 3 questions...

   Q1: Tell me about the safety ratings of these cars
      SUCCESS: Answer generated (3.31s)
      Q💬A: Answer:  The safety ratings for these cars are not provided in the context. The only information available is that the Maruti Baleno's standard list of safety features includes dual airbags, ISOFIX mounts, electronic stability program, hill hold control, and reversing parking sensors. Similarly, the Maruti ...
      STATS: Overall Quality: 0.542
      STATS: Faithfulness: N/A
      STATS: Relevancy: N/A

   Q2: Which car should I choose and why?
      SUCCESS: Answer generated (3.39s)
      Q💬A: Answer:  Based on the context provided, if you're looking for a petrol sedan with a good comfort score, the Maruti Ciaz Delta could be a good choice. It has a power output of 103bhp, which is standard for this category. The Maruti Ciaz Delta stands out due to its features, which include ventilated seats and...
      STATS: Overall Quality: 0.85
      STATS: Faithfulness: N/A
      STATS: Relevancy: N/A

   Q3: What is the mileage of these cars?
      SUCCESS: Answer generated (4.74s)
      Q💬A: Answer:  The mileage of the cars are as follows:

- Maruti Ciaz Sigma: 22.35 kmpl
- Maruti Ertiga Tour STD: 19.01 kmpl
- Maruti Ciaz Delta: 22.35 kmpl
- Mahindra XUV 3XO MX1: 17.0 kmpl
- Mahindra XUV 3XO MX2 Pro: 17.0 kmpl
- Mahindra XUV 3XO MX3 Pro: 17.0 kmpl
- Mahindra XUV 3XO MX3 Diesel: 18.75 kmpl
- Mah...
      STATS: Overall Quality: 0.909
      STATS: Faithfulness: N/A
      STATS: Relevancy: N/A

############################################################
Progress: 59/100 (59.0%)
TIME:  Estimated time remaining: 22.0 minutes

============================================================
TEST: Test Case #59: Young professional
============================================================
PREFS: Budget: ₹1,000,000-₹1,500,000 | Fuel: CNG | Body: Any | Trans: Manual | Seats: 8 | Features: 360 Camera

STATS: Getting recommendations...
   SUCCESS: Got 5 recommendations
   TIME:  Response time: 1.94s

   CARS: Recommended Cars:
      1. Maruti Ertiga VXi (O) CNG
         Price: Rs.10,88,000 | Fuel: CNG | Trans: N/A
         Match Score: 24.000
      2. Maruti Ertiga Tour STD CNG
         Price: Rs.10,70,000 | Fuel: CNG | Trans: N/A
         Match Score: 24.000
      3. Tata Nexon Creative Plus S Dark CNG
         Price: Rs.12,69,990 | Fuel: CNG | Trans: N/A
         Match Score: 24.000
      4. Maruti XL6 Zeta CNG
         Price: Rs.12,66,000 | Fuel: CNG | Trans: N/A
         Match Score: 24.000
      5. Tata Nexon Creative Plus PS Dark CNG
         Price: Rs.13,69,990 | Fuel: CNG | Trans: N/A
         Match Score: 24.000
   STATS: Overall Quality: 0.483
   STATS: Relevance: 0.75
   STATS: Diversity: 0.289
   STATS: NDCG@K: 1.0000
   STATS: ILD (Diversity): 0.2264

Q💬A: Asking 3 questions...

   Q1: What comfort features are available?
      SUCCESS: Answer generated (4.17s)
      Q💬A: Answer:  The comfort features available in these CNG cars are ventilated seats, Apple CarPlay/Android Auto, and a sunroof. Specific cars with these features are:

- Maruti Ertiga VXi (O) CNG: None
- Maruti Ertiga Tour STD CNG: Ventilated seats
- Tata Nexon Creative Plus S Dark CNG: Sunroof, Apple CarPlay/An...
      STATS: Overall Quality: 0.931
      STATS: Faithfulness: N/A
      STATS: Relevancy: N/A

   Q2: What are the pros and cons of each?
      SUCCESS: Answer generated (8.56s)
      Q💬A: Answer:  I'll provide a brief overview of the pros and cons for each CNG vehicle based on the given context:

1. Maruti Ertiga VXi (O) CNG
   - Pros: Affordable, high seating capacity (7), good fuel economy (CNG).
   - Cons: Lacks features, relatively less power (86bhp).

2. Maruti Ertiga Tour STD CNG
   - ...
      STATS: Overall Quality: 0.862
      STATS: Faithfulness: N/A
      STATS: Relevancy: N/A

   Q3: How reliable are these cars?
      SUCCESS: Answer generated (3.23s)
      Q💬A: Answer:  I don't have specific reliability ratings for each of these cars in the provided context. However, Maruti Suzuki and Tata are generally known for their reliable vehicles. Maruti Suzuki is recognized for its high reliability and low maintenance costs, while Tata has been improving its reliability ra...
      STATS: Overall Quality: 0.758
      STATS: Faithfulness: N/A
      STATS: Relevancy: N/A

############################################################
Progress: 60/100 (60.0%)
TIME:  Estimated time remaining: 21.4 minutes

============================================================
TEST: Test Case #60: College student on tight budget
============================================================
PREFS: Budget: ₹2,500,000-₹4,000,000 | Fuel: Any | Body: MUV | Trans: Any | Seats: 5 | Features: Automatic Climate Control, Apple CarPlay/Android Auto

STATS: Getting recommendations...
   SUCCESS: Got 5 recommendations
   TIME:  Response time: 2.14s

   CARS: Recommended Cars:
      1. Jeep Compass 2.0 Limited Opt
         Price: Rs.26,33,000 | Fuel: Diesel | Trans: N/A
         Match Score: 18.000
      2. Citroen C5 Aircross Shine
         Price: Rs.39,99,000 | Fuel: Diesel | Trans: N/A
         Match Score: 18.000
      3. Citroen C5 Aircross Shine Dual Tone
         Price: Rs.39,99,000 | Fuel: Diesel | Trans: N/A
         Match Score: 18.000
      4. Jeep Compass 2.0 Black Shark Opt
         Price: Rs.26,83,000 | Fuel: Diesel | Trans: N/A
         Match Score: 18.000
      5. Jeep Compass 2.0 Longitude Opt Sandstorm
         Price: Rs.25,32,999 | Fuel: Diesel | Trans: N/A
         Match Score: 18.000
   STATS: Overall Quality: 0.506
   STATS: Relevance: 0.536
   STATS: Diversity: 0.263
   STATS: NDCG@K: 1.0000
   STATS: ILD (Diversity): 0.2486
   STATS: Novelty: 0.5000
   STATS: Serendipity: 0.3500

Q💬A: Asking 3 questions...

   Q1: Are there any hidden costs I should know?
      SUCCESS: Answer generated (3.27s)
      Q💬A: Answer:  Based on the provided context, there are no mentions of hidden costs for any of the listed car models. The prices seem to be all-inclusive for the specified features. However, it is always recommended to confirm directly with the dealership, as additional costs such as insurance, registration, and ...
      STATS: Overall Quality: 0.797
      STATS: Faithfulness: N/A
      STATS: Relevancy: N/A

   Q2: How do these cars compare overall?
      SUCCESS: Answer generated (4.67s)
      Q💬A: Answer:  Based on the provided context, here's a concise comparison of the cars:

- All cars are diesel SUVs with manual or automatic transmission, 5 seats, and similar power (around 168-174 bhp).
- They all feature Apple CarPlay/Android Auto.
- The Citroen C5 Aircross models have a sunroof, which the Jeep ...
      STATS: Overall Quality: 0.788
      STATS: Faithfulness: N/A
      STATS: Relevancy: N/A

   Q3: What are the maintenance costs?
      SUCCESS: Answer generated (3.26s)
      Q💬A: Answer:  I don't have enough information to provide specific maintenance costs as they can vary based on factors like mileage, age, and usage of the vehicle. However, generally, maintenance costs for a Jeep Compass can range between Rs.5,000 to Rs.15,000 per service depending on the service center and the s...
      STATS: Overall Quality: 0.742
      STATS: Faithfulness: N/A
      STATS: Relevancy: N/A

💾 Saved intermediate results to results/intermediate_results_60.json

############################################################
Progress: 61/100 (61.0%)
TIME:  Estimated time remaining: 20.7 minutes

============================================================
TEST: Test Case #61: Ride-sharing driver
============================================================
PREFS: Budget: ₹1,500,000-₹2,000,000 | Fuel: Any | Body: Any | Trans: Manual | Seats: 7 | Features: Apple CarPlay/Android Auto, Automatic Climate Control, 360 Camera

STATS: Getting recommendations...
   SUCCESS: Got 5 recommendations
   TIME:  Response time: 1.98s

   CARS: Recommended Cars:
      1. Mahindra Scorpio N Z4
         Price: Rs.15,63,699 | Fuel: Petrol | Trans: N/A
         Match Score: 23.000
      2. Mahindra Scorpio N Z4 E
         Price: Rs.15,63,699 | Fuel: Petrol | Trans: N/A
         Match Score: 23.000
      3. Mahindra Scorpio N Z8 Carbon Edition
         Price: Rs.19,19,400 | Fuel: Petrol | Trans: N/A
         Match Score: 23.000
      4. Mahindra Scorpio N Z8
         Price: Rs.18,99,400 | Fuel: Petrol | Trans: N/A
         Match Score: 23.000
      5. Mahindra Scorpio N Z8 Select
         Price: Rs.17,33,999 | Fuel: Petrol | Trans: N/A
         Match Score: 23.000
   STATS: Overall Quality: 0.48
   STATS: Relevance: 0.7
   STATS: Diversity: 0.178
   STATS: NDCG@K: 1.0000
   STATS: ILD (Diversity): 0.0248
   STATS: Novelty: 0.2000
   STATS: Serendipity: 0.1400

Q💬A: Asking 3 questions...

   Q1: What comfort features are available?
      SUCCESS: Answer generated (3.17s)
      Q💬A: Answer:  All cars listed have Apple CarPlay/Android Auto and ventilated seats as comfort features. Some models also have a higher comfort score, specifically the Mahindra Scorpio N Z8, Mahindra Scorpio N Z8 Select, and Kia Carens Luxury Plus Diesel, which have a comfort score of 3.75/5. The Hyundai Alcazar ...
      STATS: Overall Quality: 0.89
      STATS: Faithfulness: N/A
      STATS: Relevancy: N/A

   Q2: What are the pros and cons of each?
      SUCCESS: Answer generated (6.56s)
      Q💬A: Answer:  I'll provide a comparison of each vehicle, focusing on price, power, and comfort score. I don't have subjective pros and cons, but these factors can help you make a decision.

1. Mahindra Scorpio N Z4 vs. Z4 E (both Petrol, same price)
- Same price, power, features, and comfort score. The only diff...
      STATS: Overall Quality: 0.845
      STATS: Faithfulness: N/A
      STATS: Relevancy: N/A

   Q3: Which has the best resale value?
      SUCCESS: Answer generated (2.81s)
      Q💬A: Answer:  I don't have enough information to provide the resale values of these specific car models as it depends on various factors like model age, market demand, maintenance history, and economic conditions. It's recommended to check with local dealers or trusted automotive resources for the most accurate ...
      STATS: Overall Quality: 0.685
      STATS: Faithfulness: N/A
      STATS: Relevancy: N/A

############################################################
Progress: 62/100 (62.0%)
TIME:  Estimated time remaining: 20.0 minutes

============================================================
TEST: Test Case #62: Adventure/off-road enthusiast
============================================================
PREFS: Budget: ₹800,000-₹1,200,000 | Fuel: Any | Body: Hatchback | Trans: Automatic | Seats: 8 | Features: Apple CarPlay/Android Auto, Lane Assist

STATS: Getting recommendations...
   SUCCESS: Got 5 recommendations
   TIME:  Response time: 2.39s

   CARS: Recommended Cars:
      1. Maruti Swift ZXi AMT
         Price: Rs.8,79,500 | Fuel: Petrol | Trans: N/A
         Match Score: 23.000
      2. Maruti Swift VXi Opt AMT
         Price: Rs.8,06,500 | Fuel: Petrol | Trans: N/A
         Match Score: 23.000
      3. Maruti Swift ZXi Plus AMT
         Price: Rs.9,49,500 | Fuel: Petrol | Trans: N/A
         Match Score: 23.000
      4. Maruti Swift ZXi Plus AMT DT
         Price: Rs.9,64,500 | Fuel: Petrol | Trans: N/A
         Match Score: 23.000
      5. Hyundai i20 Sportz Opt IVT
         Price: Rs.9,81,800 | Fuel: Petrol | Trans: N/A
         Match Score: 23.000
   STATS: Overall Quality: 0.465
   STATS: Relevance: 0.676
   STATS: Diversity: 0.234
   STATS: NDCG@K: 1.0000
   STATS: ILD (Diversity): 0.0646

Q💬A: Asking 3 questions...

   Q1: How do these cars compare overall?
      SUCCESS: Answer generated (4.34s)
      Q💬A: Answer:  Based on the provided context, here's a concise comparison of the cars:

1. **Price**: The Hyundai i20 N-Line N6 DCT Dual Tone is the most expensive, while the Maruti Swift VXi Opt AMT is the most affordable.

2. **Power**: The Hyundai i20 N-Line N6 DCT and Citroen C3 Puretech 110 Shine have the hi...
      STATS: Overall Quality: 0.796
      STATS: Faithfulness: N/A
      STATS: Relevancy: N/A

   Q2: How do these cars compare overall?
      SUCCESS: Answer generated (4.62s)
      Q💬A: Answer:  Based on the provided context, here's a concise comparison of the cars:

1. **Price**: The Hyundai i20 N-Line N6 DCT Dual Tone is the most expensive, while the Maruti Swift VXi Opt AMT is the most affordable.

2. **Power**: The Hyundai i20 N-Line N6 DCT and Citroen C3 Puretech 110 Shine have the hi...
      STATS: Overall Quality: 0.806
      STATS: Faithfulness: N/A
      STATS: Relevancy: N/A

   Q3: Are spare parts easily available?
      SUCCESS: Answer generated (2.38s)
      Q💬A: Answer:  Based on the provided context, I don't have specific information about the ease of finding spare parts for these car models. This information is not typically included in car specifications. I would recommend checking with local dealerships or auto parts stores for the most accurate information.
      STATS: Overall Quality: 0.491
      STATS: Faithfulness: N/A
      STATS: Relevancy: N/A

############################################################
Progress: 63/100 (63.0%)
TIME:  Estimated time remaining: 19.4 minutes

============================================================
TEST: Test Case #63: Budget-conscious first-time buyer
============================================================
PREFS: Budget: ₹2,500,000-₹4,000,000 | Fuel: Electric | Body: MUV | Trans: Automatic | Seats: 7 | Features: Apple CarPlay/Android Auto

STATS: Getting recommendations...
   SUCCESS: Got 5 recommendations
   TIME:  Response time: 1.91s

   CARS: Recommended Cars:
      1. Mahindra BE 6 Pack Three
         Price: Rs.26,90,000 | Fuel: Electric | Trans: N/A
         Match Score: 26.000
      2. Maruti Invicto Zeta Plus 8Str
         Price: Rs.25,56,000 | Fuel: Petrol | Trans: N/A
         Match Score: 23.000
      3. Maruti Invicto Alpha Plus 7Str
         Price: Rs.29,22,000 | Fuel: Petrol | Trans: N/A
         Match Score: 23.000
      4. MG ZS EV 100 Year Limited Edition
         Price: Rs.25,34,800 | Fuel: Electric | Trans: N/A
         Match Score: 26.000
      5. MG ZS EV Exclusive Plus
         Price: Rs.25,14,800 | Fuel: Electric | Trans: N/A
         Match Score: 26.000
   STATS: Overall Quality: 0.616
   STATS: Relevance: 0.585
   STATS: Diversity: 0.392
   STATS: NDCG@K: 0.9529
   STATS: ILD (Diversity): 0.3707
   STATS: Novelty: 0.5400
   STATS: Serendipity: 0.3780

Q💬A: Asking 3 questions...

   Q1: Are there any hidden costs I should know?
      SUCCESS: Answer generated (2.39s)
      Q💬A: Answer:  Based on the provided context, I don't see any mention of hidden costs for any of these car models. However, it's important to note that actual costs can vary based on factors like insurance, registration, and potential dealer fees. These details are often not included in such lists. Always confirm...
      STATS: Overall Quality: 0.797
      STATS: Faithfulness: N/A
      STATS: Relevancy: N/A

   Q2: Why is one car ranked higher than others?
      SUCCESS: Answer generated (3.15s)
      Q💬A: Answer:  A car's ranking could be based on various factors including its price, power, comfort score, features, and type of fuel. For instance, in your context, the Maruti Invicto Alpha Plus 7Str is ranked higher than others due to its slightly higher comfort score (4.25/5) and additional feature of a sunro...
      STATS: Overall Quality: 0.797
      STATS: Faithfulness: N/A
      STATS: Relevancy: N/A

   Q3: Which has the most spacious interior?
      SUCCESS: Answer generated (2.89s)
      Q💬A: Answer:  The Maruti Invicto Zeta Plus 8Str and Maruti Invicto Alpha Plus 7Str both have the most spacious interiors with 8 and 7 seats respectively. If we compare based on passenger+cargo space, I would need additional information about the cars' interior dimensions. The number of seats is the most common i...
      STATS: Overall Quality: 0.803
      STATS: Faithfulness: N/A
      STATS: Relevancy: N/A

############################################################
Progress: 64/100 (64.0%)
TIME:  Estimated time remaining: 18.8 minutes

============================================================
TEST: Test Case #64: Tech-savvy millennial
============================================================
PREFS: Budget: ₹700,000-₹1,400,000 | Fuel: Hybrid | Body: Crossover | Trans: Manual | Seats: 8 | Features: 360 Camera, Apple CarPlay/Android Auto

STATS: Getting recommendations...
   SUCCESS: Got 5 recommendations
   TIME:  Response time: 1.82s

   CARS: Recommended Cars:
      1. Mahindra Bolero Neo Plus P10
         Price: Rs.12,49,000 | Fuel: Diesel | Trans: N/A
         Match Score: 21.000
      2. Mahindra Bolero Neo Plus P4
         Price: Rs.11,39,000 | Fuel: Diesel | Trans: N/A
         Match Score: 21.000
      3. Mahindra Scorpio S 9 Seater
         Price: Rs.13,86,599 | Fuel: Diesel | Trans: N/A
         Match Score: 21.000
      4. Citroen Aircross Turbo Plus 7 Seater
         Price: Rs.12,46,300 | Fuel: Petrol | Trans: N/A
         Match Score: 16.000
      5. Citroen Aircross Plus
         Price: Rs.9,99,000 | Fuel: Petrol | Trans: N/A
         Match Score: 16.000
   STATS: Overall Quality: 0.533
   STATS: Relevance: 0.452
   STATS: Diversity: 0.291
   STATS: NDCG@K: 1.0000
   STATS: ILD (Diversity): 0.2301
   STATS: Novelty: 0.8000
   STATS: Serendipity: 0.5600

Q💬A: Asking 3 questions...

   Q1: What are the main differences between these cars?
      SUCCESS: Answer generated (4.94s)
      Q💬A: Answer:  The main differences between these cars are:

1. **Manufacturer**: They are from different manufacturers - Mahindra and Citroen.

2. **Fuel Type**: Mahindra cars are diesel, while Citroen cars are petrol.

3. **Seating Capacity**: Mahindra Bolero Neo Plus models offer 9 seats, Citroen Aircross Plus...
      STATS: Overall Quality: 0.886
      STATS: Faithfulness: N/A
      STATS: Relevancy: N/A

   Q2: What are the main differences between these cars?
      SUCCESS: Answer generated (4.08s)
      Q💬A: Answer:  The main differences between these cars are:

1. Manufacturer: They are from different manufacturers - Mahindra and Citroen.
2. Fuel Type: Mahindra cars are diesel, while Citroen cars are petrol.
3. Number of Seats: Mahindra cars have 9 seats, except for the Scorpio S which has a 9.0 seating capaci...
      STATS: Overall Quality: 0.895
      STATS: Faithfulness: N/A
      STATS: Relevancy: N/A

   Q3: Which car has the best safety features?
      SUCCESS: Answer generated (2.25s)
      Q💬A: Answer:  I don't have enough information to determine which car has the best safety features, as the context only includes the car name, price, type, transmission, seating capacity, power, some features, and comfort score. It does not include safety features for each car.
      STATS: Overall Quality: 0.65
      STATS: Faithfulness: N/A
      STATS: Relevancy: N/A

############################################################
Progress: 65/100 (65.0%)
TIME:  Estimated time remaining: 18.1 minutes

============================================================
TEST: Test Case #65: Senior citizen looking for comfort
============================================================
PREFS: Budget: ₹800,000-₹1,200,000 | Fuel: Petrol | Body: Hatchback | Trans: Manual | Seats: 8 | Features: Sunroof

STATS: Getting recommendations...
   SUCCESS: Got 5 recommendations
   TIME:  Response time: 1.94s

   CARS: Recommended Cars:
      1. Hyundai i20 N-Line N6
         Price: Rs.9,99,500 | Fuel: Petrol | Trans: N/A
         Match Score: 34.000
      2. Hyundai i20 N-Line N8
         Price: Rs.11,30,800 | Fuel: Petrol | Trans: N/A
         Match Score: 34.000
      3. Tata Altroz Racer R2
         Price: Rs.10,49,990 | Fuel: Petrol | Trans: N/A
         Match Score: 34.000
      4. Tata Altroz Racer R1
         Price: Rs.9,49,990 | Fuel: Petrol | Trans: N/A
         Match Score: 34.000
      5. Tata Altroz Racer R3
         Price: Rs.10,99,990 | Fuel: Petrol | Trans: N/A
         Match Score: 34.000
   STATS: Overall Quality: 0.591
   STATS: Relevance: 0.795
   STATS: Diversity: 0.233
   STATS: NDCG@K: 1.0000
   STATS: ILD (Diversity): 0.0854

Q💬A: Asking 3 questions...

   Q1: Which has the most spacious interior?
      SUCCESS: Answer generated (5.75s)
      Q💬A: Answer:  Based on the provided context, the Hyundai Creta has one of the most spacious interiors in its segment. The rear seat space is particularly impressive, with average-sized adults finding plenty of knee room, headroom, and underthigh support. The cabin also offers a flat cushioning in the rear seat, ...
      STATS: Overall Quality: 0.585
      STATS: Faithfulness: N/A
      STATS: Relevancy: N/A

   Q2: How do these cars compare overall?
      SUCCESS: Answer generated (15.78s)
      Q💬A: Answer:  Based on the provided context, here's a comparison of the cars overall:

1. Hyundai i20 N-Line N6, N8, N6 Dual Tone, N8 Dual Tone: These are all variants of the Hyundai i20 N-Line with a 1.0L turbo petrol engine, 118bhp power, manual transmission, and a 5-seater hatchback design. They have a comfor...
      STATS: Overall Quality: 0.865
      STATS: Faithfulness: N/A
      STATS: Relevancy: N/A

   Q3: Which car has the best safety features?
      SUCCESS: Answer generated (5.76s)
      Q💬A: Answer:  Based on the provided context, the Hyundai Creta has comprehensive safety features. Standard safety features across all variants include 6 airbags, ABS with EBD, electronic stability control, hill assist, and a tyre pressure monitoring system. Higher variants also get a 360-degree camera and Level ...
      STATS: Overall Quality: 0.925
      STATS: Faithfulness: N/A
      STATS: Relevancy: N/A

############################################################
Progress: 66/100 (66.0%)
TIME:  Estimated time remaining: 17.7 minutes

============================================================
TEST: Test Case #66: Luxury comfort seeker
============================================================
PREFS: Budget: ₹1,500,000-₹2,000,000 | Fuel: Hybrid | Body: Sedan | Trans: Manual | Seats: 5 | Features: Sunroof, 360 Camera

STATS: Getting recommendations...
   SUCCESS: Got 5 recommendations
   TIME:  Response time: 2.04s

   CARS: Recommended Cars:
      1. Hyundai Verna SX Turbo
         Price: Rs.15,00,400 | Fuel: Petrol | Trans: N/A
         Match Score: 28.000
      2. Hyundai Verna SX Turbo DT
         Price: Rs.15,00,400 | Fuel: Petrol | Trans: N/A
         Match Score: 28.000
      3. Hyundai Verna SX Opt Turbo
         Price: Rs.16,15,800 | Fuel: Petrol | Trans: N/A
         Match Score: 28.000
      4. Hyundai Verna SX Opt Turbo DT
         Price: Rs.16,15,800 | Fuel: Petrol | Trans: N/A
         Match Score: 28.000
      5. Volkswagen Virtus Topline ES
         Price: Rs.15,59,900 | Fuel: Petrol | Trans: N/A
         Match Score: 28.000
   STATS: Overall Quality: 0.498
   STATS: Relevance: 0.667
   STATS: Diversity: 0.227
   STATS: NDCG@K: 1.0000
   STATS: ILD (Diversity): 0.0540
   STATS: Novelty: 0.3400
   STATS: Serendipity: 0.2380

Q💬A: Asking 3 questions...

   Q1: What about the ride quality?
      SUCCESS: Answer generated (3.44s)
      Q💬A: Answer:  The comfort score for ride quality, given on a scale of 5, is as follows:
Hyundai Verna SX Turbo, SX Turbo DT, SX Opt Turbo, SX Opt Turbo DT: 3.5/5
Volkswagen Virtus Topline ES: 3.75/5
Volkswagen Virtus GT Plus Sport, GT Plus ES: 3.75/5
Honda City ZX: 3.75/5
Skoda Slavia 1.0L Prestige: 3.75/5
Skoda...
      STATS: Overall Quality: 0.857
      STATS: Faithfulness: N/A
      STATS: Relevancy: N/A

   Q2: What are the main differences between these cars?
      SUCCESS: Answer generated (3.19s)
      Q💬A: Answer:  The main differences between these cars are:

1. Price: Prices range from Rs. 15,00,400 to Rs. 17,84,900.
2. Power: The power output of the cars ranges from 113bhp to 157bhp.
3. Features: Some cars offer additional features like ventilated seats (Honda City ZX).
4. Comfort Score: Comfort scores ran...
      STATS: Overall Quality: 0.876
      STATS: Faithfulness: N/A
      STATS: Relevancy: N/A

   Q3: What is the mileage of these cars?
      SUCCESS: Answer generated (1.81s)
      Q💬A: Answer:  I don't have specific mileage details for each car in the provided context, as only the price, type, transmission, seats, power, features, and comfort score are mentioned.
      STATS: Overall Quality: 0.586
      STATS: Faithfulness: N/A
      STATS: Relevancy: N/A

############################################################
Progress: 67/100 (67.0%)
TIME:  Estimated time remaining: 17.0 minutes

============================================================
TEST: Test Case #67: Safety-focused family person
============================================================
PREFS: Budget: ₹2,500,000-₹4,000,000 | Fuel: CNG | Body: MUV | Trans: Automatic | Seats: 5 | Features: Lane Assist

STATS: Getting recommendations...
   SUCCESS: Got 5 recommendations
   TIME:  Response time: 1.28s

   CARS: Recommended Cars:
      1. Citroen C5 Aircross Shine
         Price: Rs.39,99,000 | Fuel: Diesel | Trans: N/A
         Match Score: 23.000
      2. Citroen C5 Aircross Shine Dual Tone
         Price: Rs.39,99,000 | Fuel: Diesel | Trans: N/A
         Match Score: 23.000
      3. Hyundai Tucson Signature Diesel AT
         Price: Rs.34,35,300 | Fuel: Diesel | Trans: N/A
         Match Score: 23.000
      4. Jeep Compass 2.0 Black Shark Opt FWD AT
         Price: Rs.28,83,000 | Fuel: Diesel | Trans: N/A
         Match Score: 23.000
      5. Jeep Compass 2.0 Limited Opt FWD AT
         Price: Rs.28,33,000 | Fuel: Diesel | Trans: N/A
         Match Score: 23.000
   STATS: Overall Quality: 0.362
   STATS: Relevance: 0.538
   STATS: Diversity: 0.31
   STATS: NDCG@K: 1.0000
   STATS: ILD (Diversity): 0.1284
   STATS: Novelty: 0.7600
   STATS: Serendipity: 0.5320

Q💬A: Asking 3 questions...

   Q1: Tell me about the safety ratings of these cars
      SUCCESS: Answer generated (2.50s)
      Q💬A: Answer:  I don't have specific safety ratings for each car in the provided context. However, all cars mentioned come with standard safety features such as airbags and ABS. The Hyundai Tucson Signature Diesel 4WD AT DT also includes a 360 camera. For detailed safety ratings, I would recommend checking resour...
      STATS: Overall Quality: 0.624
      STATS: Faithfulness: N/A
      STATS: Relevancy: N/A

   Q2: What are the pros and cons of each?
      SUCCESS: Answer generated (8.40s)
      Q💬A: Answer:  I'll provide a comparison of the key specifications and features for each vehicle. You can determine the pros and cons based on what is most important to you.

1. Citroen C5 Aircross Shine
   - Pros: Sunroof, Apple CarPlay/Android Auto, competitive power (174bhp)
   - Cons: No 4WD option, no 360 ca...
      STATS: Overall Quality: 0.87
      STATS: Faithfulness: N/A
      STATS: Relevancy: N/A

   Q3: How much will I spend on fuel monthly?
      SUCCESS: Answer generated (2.55s)
      Q💬A: Answer:  I don't have enough information to provide an accurate estimate. To calculate the monthly fuel cost, I would need to know the average distance driven per month, the car's fuel efficiency (miles per gallon or kilometers per liter), and the current fuel price.
      STATS: Overall Quality: 0.721
      STATS: Faithfulness: N/A
      STATS: Relevancy: N/A

############################################################
Progress: 68/100 (68.0%)
TIME:  Estimated time remaining: 16.4 minutes

============================================================
TEST: Test Case #68: Budget-conscious first-time buyer
============================================================
PREFS: Budget: ₹800,000-₹1,200,000 | Fuel: Diesel | Body: Any | Trans: Automatic | Seats: 5 | Features: Automatic Climate Control, Apple CarPlay/Android Auto

STATS: Getting recommendations...
   SUCCESS: Got 5 recommendations
   TIME:  Response time: 1.89s

   CARS: Recommended Cars:
      1. Tata Nexon Pure Plus Diesel AMT
         Price: Rs.11,69,990 | Fuel: Diesel | Trans: N/A
         Match Score: 29.000
      2. Mahindra XUV 3XO AX5 Diesel AMT
         Price: Rs.11,70,091 | Fuel: Diesel | Trans: N/A
         Match Score: 29.000
      3. Mahindra XUV 3XO MX3 Diesel AMT
         Price: Rs.11,79,000 | Fuel: Diesel | Trans: N/A
         Match Score: 29.000
      4. Tata Nexon Creative Plus S Diesel AMT
         Price: Rs.13,39,990 | Fuel: Diesel | Trans: N/A
         Match Score: 24.000
      5. Tata Nexon Creative Plus S Dark Diesel AMT
         Price: Rs.13,79,990 | Fuel: Diesel | Trans: N/A
         Match Score: 24.000
   STATS: Overall Quality: 0.647
   STATS: Relevance: 0.829
   STATS: Diversity: 0.235
   STATS: NDCG@K: 1.0000
   STATS: ILD (Diversity): 0.0860
   STATS: Novelty: 0.0800
   STATS: Serendipity: 0.0560

Q💬A: Asking 3 questions...

   Q1: Which car offers best value for money?
      SUCCESS: Answer generated (3.25s)
      Q💬A: Answer:  Based on the provided information, the Kia Sonet HTK Plus (O) Diesel seems to offer the best value for money. It has a competitive price point of Rs. 11,99,900, similar features, and power as compared to other vehicles listed, making it a good choice in terms of value for money. However, a thorough...
      STATS: Overall Quality: 0.484
      STATS: Faithfulness: N/A
      STATS: Relevancy: N/A

   Q2: What are the pros and cons of each?
      SUCCESS: Answer generated (6.31s)
      Q💬A: Answer:  I'll provide a comparison of the diesel compact SUVs with automatic/AMT transmissions from the list you provided.

1. Tata Nexon Pure Plus Diesel AMT
- Pros: Competitive pricing, Apple CarPlay/Android Auto, and decent power.
- Cons: Lower comfort score compared to competitors.

2. Mahindra XUV 3XO ...
      STATS: Overall Quality: 0.878
      STATS: Faithfulness: N/A
      STATS: Relevancy: N/A

   Q3: What is the mileage of these cars?
      SUCCESS: Answer generated (3.15s)
      Q💬A: Answer:  I don't have specific mileage details for each car in the provided context, but I can tell you that all these models are diesel-powered compact SUVs equipped with automatic transmission or manual features. Mileage can vary based on many factors, including the specific model, transmission type, and ...
      STATS: Overall Quality: 0.632
      STATS: Faithfulness: N/A
      STATS: Relevancy: N/A

############################################################
Progress: 69/100 (69.0%)
TIME:  Estimated time remaining: 15.9 minutes

============================================================
TEST: Test Case #69: Growing family with kids
============================================================
PREFS: Budget: ₹1,800,000-₹2,500,000 | Fuel: Diesel | Body: MUV | Trans: Any | Seats: 7 | Features: Lane Assist, 360 Camera

STATS: Getting recommendations...
   SUCCESS: Got 5 recommendations
   TIME:  Response time: 1.91s

   CARS: Recommended Cars:
      1. Mahindra Scorpio N Z6 Diesel AT
         Price: Rs.18,69,599 | Fuel: Diesel | Trans: N/A
         Match Score: 25.000
      2. Mahindra Scorpio N Z8 Diesel AT
         Price: Rs.20,98,000 | Fuel: Diesel | Trans: N/A
         Match Score: 25.000
      3. Mahindra Scorpio N Z8 Carbon Edition Diesel AT
         Price: Rs.21,18,000 | Fuel: Diesel | Trans: N/A
         Match Score: 25.000
      4. Mahindra Scorpio N Z8L Diesel
         Price: Rs.21,09,899 | Fuel: Diesel | Trans: N/A
         Match Score: 25.000
      5. Hyundai Alcazar Signature Diesel AT
         Price: Rs.21,34,900 | Fuel: Diesel | Trans: N/A
         Match Score: 25.000
   STATS: Overall Quality: 0.51
   STATS: Relevance: 0.639
   STATS: Diversity: 0.23
   STATS: NDCG@K: 1.0000
   STATS: ILD (Diversity): 0.1449
   STATS: Novelty: 0.4600
   STATS: Serendipity: 0.3220

Q💬A: Asking 3 questions...

   Q1: Why is one car ranked higher than others?
      SUCCESS: Answer generated (2.88s)
      Q💬A: Answer:  The cars are ranked based on their Comfort Score, ranging from 3.5/5 to 3.75/5. The higher the score, the more comfortable the car. However, among cars with the same Comfort Score, the ranking may depend on other factors like price, features, or power, which are not provided in this context.
      STATS: Overall Quality: 0.765
      STATS: Faithfulness: N/A
      STATS: Relevancy: N/A

   Q2: How do these cars compare overall?
      SUCCESS: Answer generated (4.56s)
      Q💬A: Answer:  Based on the provided context, here's a concise comparison of the cars:

1. All cars are SUVs with diesel engines, 7 seats, automatic or manual transmissions, and similar power output (172bhp for most, except the Hyundai Alcazar with 114bhp).
2. All models come with Apple CarPlay/Android Auto and v...
      STATS: Overall Quality: 0.832
      STATS: Faithfulness: N/A
      STATS: Relevancy: N/A

   Q3: What is the price difference between these options?
      SUCCESS: Answer generated (2.76s)
      Q💬A: Answer:  I need more information to answer your question. Could you please specify the car models or options you are referring to? I have car details for Mahindra Scorpio N in different variants and Hyundai Alcazar Signature, but I need to know the specific comparison you want to make.
      STATS: Overall Quality: 0.393
      STATS: Faithfulness: N/A
      STATS: Relevancy: N/A

############################################################
Progress: 70/100 (70.0%)
TIME:  Estimated time remaining: 15.3 minutes

============================================================
TEST: Test Case #70: Practical daily commuter
============================================================
PREFS: Budget: ₹1,200,000-₹1,800,000 | Fuel: Hybrid | Body: Sedan | Trans: Manual | Seats: 8 | Features: Automatic Climate Control, Ventilated Seats

STATS: Getting recommendations...
   SUCCESS: Got 5 recommendations
   TIME:  Response time: 1.68s

   CARS: Recommended Cars:
      1. Hyundai Verna S
         Price: Rs.12,37,400 | Fuel: Petrol | Trans: N/A
         Match Score: 23.000
      2. Hyundai Verna SX
         Price: Rs.13,15,400 | Fuel: Petrol | Trans: N/A
         Match Score: 23.000
      3. Hyundai Verna SX Turbo
         Price: Rs.15,00,400 | Fuel: Petrol | Trans: N/A
         Match Score: 23.000
      4. Honda City V Elegant
         Price: Rs.12,80,000 | Fuel: Petrol | Trans: N/A
         Match Score: 23.000
      5. Hyundai Verna SX Turbo DT
         Price: Rs.15,00,400 | Fuel: Petrol | Trans: N/A
         Match Score: 23.000
   STATS: Overall Quality: 0.572
   STATS: Relevance: 0.548
   STATS: Diversity: 0.236
   STATS: NDCG@K: 1.0000
   STATS: ILD (Diversity): 0.0669
   STATS: Novelty: 0.3000
   STATS: Serendipity: 0.2100

Q💬A: Asking 3 questions...

   Q1: How do these cars compare overall?
      SUCCESS: Answer generated (8.70s)
      Q💬A: Answer:  Based on the provided context, the Hyundai Verna S, SX, SX Turbo, SX Opt, and SX Opt Turbo models are all compared. They are all petrol sedans with manual transmissions, except for the SX Turbo and SX Opt Turbo models which also have a manual transmission option. The Hyundai Verna S is the most aff...
      STATS: Overall Quality: 0.841
      STATS: Faithfulness: N/A
      STATS: Relevancy: N/A

   Q2: What are the pros and cons of each?
      SUCCESS: Answer generated (11.11s)
      Q💬A: Answer:  Here are the pros and cons of the Hyundai Verna S, Hyundai Verna SX, and Hyundai Verna SX Opt:

Hyundai Verna S:
Pros:
- Improved styling with a more sophisticated appearance
- Better interior design and improved quality for a better in-cabin experience
- Packed with features, including Apple CarPl...
      STATS: Overall Quality: 0.945
      STATS: Faithfulness: N/A
      STATS: Relevancy: N/A

   Q3: Which has the most spacious interior?
      SUCCESS: Answer generated (5.62s)
      Q💬A: Answer:  Based on the provided context, the Hyundai Creta has one of the most spacious interiors in its class. The rear seat space is a highlight, with average-sized adults not having any complaints in the second row. Knee room is plenty, while head and underthigh support are adequate. Three average-sized a...
      STATS: Overall Quality: 0.587
      STATS: Faithfulness: N/A
      STATS: Relevancy: N/A

💾 Saved intermediate results to results/intermediate_results_70.json

############################################################
Progress: 71/100 (71.0%)
TIME:  Estimated time remaining: 14.8 minutes

============================================================
TEST: Test Case #71: Safety-focused family person
============================================================
PREFS: Budget: ₹1,800,000-₹2,500,000 | Fuel: Electric | Body: Sedan | Trans: Automatic | Seats: 8 | Features: Lane Assist, 360 Camera

STATS: Getting recommendations...
   SUCCESS: Got 5 recommendations
   TIME:  Response time: 1.96s

   CARS: Recommended Cars:
      1. Mahindra BE 6 Pack Two
         Price: Rs.21,90,000 | Fuel: Electric | Trans: N/A
         Match Score: 24.000
      2. Mahindra BE 6 Pack One
         Price: Rs.18,90,000 | Fuel: Electric | Trans: N/A
         Match Score: 24.000
      3. Mahindra BE 6 Pack One Above
         Price: Rs.20,50,000 | Fuel: Electric | Trans: N/A
         Match Score: 24.000
      4. Hyundai Creta Electric Premium HC
         Price: Rs.20,72,900 | Fuel: Electric | Trans: N/A
         Match Score: 24.000
      5. Hyundai Creta Electric Premium HC DT
         Price: Rs.20,87,900 | Fuel: Electric | Trans: N/A
         Match Score: 24.000
   STATS: Overall Quality: 0.449
   STATS: Relevance: 0.571
   STATS: Diversity: 0.229
   STATS: NDCG@K: 1.0000
   STATS: ILD (Diversity): 0.0800
   STATS: Novelty: 0.4200
   STATS: Serendipity: 0.2940

Q💬A: Asking 3 questions...

   Q1: What safety features are included?
      SUCCESS: Answer generated (6.17s)
      Q💬A: Answer:  Standard safety features of the 2025 Creta include: 6 airbags, ABS with EBD, electronic stability control, hill assist, and a tyre pressure monitoring system. Higher variants of the Creta also get a 360° camera which makes parking very convenient. Another highlight in the safety package is Level 2 ...
      STATS: Overall Quality: 0.958
      STATS: Faithfulness: N/A
      STATS: Relevancy: N/A

   Q2: Why is one car ranked higher than others?
      SUCCESS: Answer generated (6.98s)
      Q💬A: Answer:  The Hyundai Creta is ranked higher than the other cars mentioned due to its combination of comfort, space, features, safety, and drivability. It offers a complete package with well-sorted variants and multiple powertrain options, catering to the needs of different individuals. The segment has evolv...
      STATS: Overall Quality: 0.931
      STATS: Faithfulness: N/A
      STATS: Relevancy: N/A

   Q3: Which car is most comfortable for long drives?
      SUCCESS: Answer generated (6.86s)
      Q💬A: Answer:  Based on the provided context, the Hyundai Creta and Mahindra BE 6 Pack models have spacious interiors and comfortable seating, making them suitable for long drives. 

The Hyundai Creta has a well-sorted suspension system that absorbs most of the city's rough roads and potholes, maintaining stabili...
      STATS: Overall Quality: 0.901
      STATS: Faithfulness: N/A
      STATS: Relevancy: N/A

############################################################
Progress: 72/100 (72.0%)
TIME:  Estimated time remaining: 14.3 minutes

============================================================
TEST: Test Case #72: Performance enthusiast
============================================================
PREFS: Budget: ₹1,200,000-₹1,800,000 | Fuel: Any | Body: Hatchback | Trans: Any | Seats: 8 | Features: Lane Assist

STATS: Getting recommendations...
   SUCCESS: Got 5 recommendations
   TIME:  Response time: 1.80s

   CARS: Recommended Cars:
      1. Citroen eC3 Shine
         Price: Rs.13,26,300 | Fuel: Electric | Trans: N/A
         Match Score: 17.000
      2. Hyundai i20 N-Line N8 DCT
         Price: Rs.12,40,800 | Fuel: Petrol | Trans: N/A
         Match Score: 17.000
      3. Citroen eC3 Shine DT
         Price: Rs.13,41,300 | Fuel: Electric | Trans: N/A
         Match Score: 17.000
      4. Hyundai i20 N-Line N8 DCT Dual Tone
         Price: Rs.12,55,800 | Fuel: Petrol | Trans: N/A
         Match Score: 17.000
      5. Mahindra Scorpio S 9 Seater
         Price: Rs.13,86,599 | Fuel: Diesel | Trans: N/A
         Match Score: 15.000
   STATS: Overall Quality: 0.516
   STATS: Relevance: 0.664
   STATS: Diversity: 0.438
   STATS: NDCG@K: 1.0000
   STATS: ILD (Diversity): 0.4568
   STATS: Novelty: 0.1800
   STATS: Serendipity: 0.1260

Q💬A: Asking 3 questions...

   Q1: Tell me about the driving experience
      SUCCESS: Answer generated (2.18s)
      Q💬A: Answer:  The driving experience varies by car model. The
      STATS: Overall Quality: 0.666
      STATS: Faithfulness: N/A
      STATS: Relevancy: N/A

   Q2: What are the pros and cons of each?
      SUCCESS: Answer generated (6.86s)
      Q💬A: Answer:  I'll provide a comparison of each car, focusing on price, power, and comfort score. I don't have specific information about the features' pros and cons, but I'll mention if any car stands out.

1. Citroen eC3 Shine / Shine DT (Electric, Automatic, 56bhp, 3.5/5 Comfort)
   - Pros: New electric vehic...
      STATS: Overall Quality: 0.868
      STATS: Faithfulness: N/A
      STATS: Relevancy: N/A

   Q3: What safety features are included?
      SUCCESS: Answer generated (2.05s)
      Q💬A: Answer:  The context does not provide specific safety features for each car model. I would need more information to accurately answer this question.
      STATS: Overall Quality: 0.455
      STATS: Faithfulness: N/A
      STATS: Relevancy: N/A

############################################################
Progress: 73/100 (73.0%)
TIME:  Estimated time remaining: 13.7 minutes

============================================================
TEST: Test Case #73: Senior citizen looking for comfort
============================================================
PREFS: Budget: ₹700,000-₹1,400,000 | Fuel: Diesel | Body: Any | Trans: Automatic | Seats: 5 | Features: Automatic Climate Control, Sunroof, Ventilated Seats

STATS: Getting recommendations...
   SUCCESS: Got 5 recommendations
   TIME:  Response time: 1.98s

   CARS: Recommended Cars:
      1. Tata Nexon Creative Diesel AMT
         Price: Rs.13,09,990 | Fuel: Diesel | Trans: N/A
         Match Score: 29.000
      2. Tata Nexon Creative Plus S Diesel AMT
         Price: Rs.13,39,990 | Fuel: Diesel | Trans: N/A
         Match Score: 29.000
      3. Tata Nexon Creative Plus S Dark Diesel AMT
         Price: Rs.13,79,990 | Fuel: Diesel | Trans: N/A
         Match Score: 29.000
      4. Kia Sonet HTX Diesel AT
         Price: Rs.13,38,900 | Fuel: Diesel | Trans: N/A
         Match Score: 29.000
      5. Tata Nexon Pure Plus Diesel AMT
         Price: Rs.11,69,990 | Fuel: Diesel | Trans: N/A
         Match Score: 29.000
   STATS: Overall Quality: 0.591
   STATS: Relevance: 0.763
   STATS: Diversity: 0.231
   STATS: NDCG@K: 1.0000
   STATS: ILD (Diversity): 0.0593
   STATS: Novelty: 0.0400
   STATS: Serendipity: 0.0280

Q💬A: Asking 3 questions...

   Q1: What about the ride quality?
      SUCCESS: Answer generated (1.92s)
      Q💬A: Answer:  Based on the provided context, here are the comfort or ride quality scores for
      STATS: Overall Quality: 0.813
      STATS: Faithfulness: N/A
      STATS: Relevancy: N/A

   Q2: What are the pros and cons of each?
      SUCCESS: Answer generated (8.01s)
      Q💬A: Answer:  I'll provide a comparison of the cars you've listed, focusing on their prices, power, and comfort scores. I don't provide subjective "pros" and "cons" as they can be dependent on individual preferences.

1. Tata Nexon Creative Diesel AMT:
   - Price: Rs. 13,09,990
   - Power: 113bhp
   - Comfort Sc...
      STATS: Overall Quality: 0.828
      STATS: Faithfulness: N/A
      STATS: Relevancy: N/A

   Q3: How is the engine power comparison?
      SUCCESS: Answer generated (2.52s)
      Q💬A: Answer:  All the cars listed have an engine power of around 113-116bhp, except for the Mahindra XUV 3XO MX3 Diesel AMT with 115bhp and the Tata Curvv Creative S Diesel DCA with 116bhp having the highest engine power in this list.
      STATS: Overall Quality: 0.9
      STATS: Faithfulness: N/A
      STATS: Relevancy: N/A

############################################################
Progress: 74/100 (74.0%)
TIME:  Estimated time remaining: 13.2 minutes

============================================================
TEST: Test Case #74: Long-distance highway driver
============================================================
PREFS: Budget: ₹1,200,000-₹1,800,000 | Fuel: Diesel | Body: Crossover | Trans: Manual | Seats: 5 | Features: Lane Assist, Apple CarPlay/Android Auto

STATS: Getting recommendations...
   SUCCESS: Got 5 recommendations
   TIME:  Response time: 1.96s

   CARS: Recommended Cars:
      1. Hyundai Venue SX Diesel
         Price: Rs.12,46,000 | Fuel: Diesel | Trans: N/A
         Match Score: 29.000
      2. Hyundai Venue SX DT Diesel
         Price: Rs.12,61,000 | Fuel: Diesel | Trans: N/A
         Match Score: 29.000
      3. Hyundai Venue SX Opt Diesel
         Price: Rs.13,37,600 | Fuel: Diesel | Trans: N/A
         Match Score: 29.000
      4. Hyundai Venue SX Opt DT Diesel
         Price: Rs.13,52,600 | Fuel: Diesel | Trans: N/A
         Match Score: 29.000
      5. Hyundai Creta SX Premium DT Diesel
         Price: Rs.17,91,690 | Fuel: Diesel | Trans: N/A
         Match Score: 29.000
   STATS: Overall Quality: 0.497
   STATS: Relevance: 0.69
   STATS: Diversity: 0.239
   STATS: NDCG@K: 1.0000
   STATS: ILD (Diversity): 0.1199
   STATS: Novelty: 0.3000
   STATS: Serendipity: 0.2100

Q💬A: Asking 3 questions...

   Q1: Which car has the best fuel efficiency?
      SUCCESS: Answer generated (3.08s)
      Q💬A: Answer:  Based on the provided context, the Hyundai Creta EX (O) Diesel manual variant has the best claimed fuel efficiency of 18.4 kmpl among the listed cars.
      STATS: Overall Quality: 0.901
      STATS: Faithfulness: N/A
      STATS: Relevancy: N/A

   Q2: How do these cars compare overall?
      SUCCESS: Answer generated (15.29s)
      Q💬A: Answer:  The Hyundai Creta and Venue models compared in the context are compact SUVs with diesel manual transmissions. They all have a power of 114bhp and seats for 5 people. The Hyundai Venue SX Diesel and SX DT Diesel models have similar features such as Apple CarPlay/Android Auto and a comfort score of 3...
      STATS: Overall Quality: 0.841
      STATS: Faithfulness: N/A
      STATS: Relevancy: N/A

   Q3: What are the maintenance costs?
      SUCCESS: Answer generated (5.45s)
      Q💬A: Answer:  I don't have the specific maintenance cost details for the Hyundai Venue and Creta models listed. However, Hyundai generally offers a 3-year/unlimited kilometer warranty for most of their vehicles, which includes roadside assistance. Hyundai also has an optional extended warranty and maintenance pr...
      STATS: Overall Quality: 0.753
      STATS: Faithfulness: N/A
      STATS: Relevancy: N/A

############################################################
Progress: 75/100 (75.0%)
TIME:  Estimated time remaining: 12.7 minutes

============================================================
TEST: Test Case #75: Tech-savvy millennial
============================================================
PREFS: Budget: ₹2,500,000-₹4,000,000 | Fuel: CNG | Body: Any | Trans: Manual | Seats: 5 | Features: 360 Camera, Apple CarPlay/Android Auto

STATS: Getting recommendations...
   SUCCESS: Got 5 recommendations
   TIME:  Response time: 1.37s

   CARS: Recommended Cars:
      1. Tata Safari Accomplished Plus Dark
         Price: Rs.25,29,990 | Fuel: Diesel | Trans: N/A
         Match Score: 21.000
      2. Tata Safari Accomplished Plus Dark 6S
         Price: Rs.25,59,990 | Fuel: Diesel | Trans: N/A
         Match Score: 21.000
      3. Tata Safari Accomplished Plus 6S
         Price: Rs.25,09,990 | Fuel: Diesel | Trans: N/A
         Match Score: 21.000
      4. Toyota Fortuner 4X2
         Price: Rs.33,78,000 | Fuel: Petrol | Trans: N/A
         Match Score: 21.000
      5. Toyota Fortuner 4X2 Diesel
         Price: Rs.36,33,000 | Fuel: Diesel | Trans: N/A
         Match Score: 21.000
   STATS: Overall Quality: 0.304
   STATS: Relevance: 0.6
   STATS: Diversity: 0.303
   STATS: NDCG@K: 1.0000
   STATS: ILD (Diversity): 0.1948
   STATS: Novelty: 0.3000
   STATS: Serendipity: 0.2100

Q💬A: Asking 3 questions...

   Q1: Tell me about the infotainment system
      SUCCESS: Answer generated (2.39s)
      Q💬A: Answer:  All cars in the provided context come with an infotainment system that includes Apple CarPlay and Android Auto.
      STATS: Overall Quality: 0.817
      STATS: Faithfulness: N/A
      STATS: Relevancy: N/A

   Q2: Why is one car ranked higher than others?
      SUCCESS: Answer generated (2.30s)
      Q💬A: Answer:  The context does not provide specific information about what determines the ranking or rating of these cars. The list only includes details such as price, type, transmission, seats, power, features, and a general comfort score. Without knowing the ranking criteria, I can't provide a precise answer.
      STATS: Overall Quality: 0.606
      STATS: Faithfulness: N/A
      STATS: Relevancy: N/A

   Q3: Which is most economical to run?
      SUCCESS: Answer generated (2.98s)
      Q💬A: Answer:  Based on the information provided, the Tata Safari Accomplished Plus 6S and the Tata Harrier Fearless Plus Stealth are the most economical to run as they all have the same power, seating capacity, and features but have the lowest listed prices among the diesel SUVs and MPVs. However, to get a more ...
      STATS: Overall Quality: 0.757
      STATS: Faithfulness: N/A
      STATS: Relevancy: N/A

############################################################
Progress: 76/100 (76.0%)
TIME:  Estimated time remaining: 12.1 minutes

============================================================
TEST: Test Case #76: Young professional
============================================================
PREFS: Budget: ₹500,000-₹800,000 | Fuel: CNG | Body: Crossover | Trans: Manual | Seats: 7 | Features: Automatic Climate Control, Apple CarPlay/Android Auto

STATS: Getting recommendations...
   SUCCESS: Got 5 recommendations
   TIME:  Response time: 2.07s

   CARS: Recommended Cars:
      1. Renault Triber RXL CNG
         Price: Rs.7,79,495 | Fuel: CNG | Trans: N/A
         Match Score: 29.000
      2. Renault Triber RXE CNG
         Price: Rs.6,89,495 | Fuel: CNG | Trans: N/A
         Match Score: 29.000
      3. Renault Kiger RXL CNG
         Price: Rs.7,64,495 | Fuel: CNG | Trans: N/A
         Match Score: 24.000
      4. Maruti Celerio VXI CNG
         Price: Rs.6,89,500 | Fuel: CNG | Trans: N/A
         Match Score: 24.000
      5. Maruti Eeco 5 Seater AC CNG
         Price: Rs.6,70,000 | Fuel: CNG | Trans: N/A
         Match Score: 24.000
   STATS: Overall Quality: 0.635
   STATS: Relevance: 0.619
   STATS: Diversity: 0.332
   STATS: NDCG@K: 1.0000
   STATS: ILD (Diversity): 0.2393
   STATS: Novelty: 0.4200
   STATS: Serendipity: 0.2940

Q💬A: Asking 3 questions...

   Q1: Why is one car ranked higher than others?
      SUCCESS: Answer generated (3.29s)
      Q💬A: Answer:  A car is ranked higher than others based on specific criteria, which often include factors like price, features, power, comfort score, and seating capacity. For instance, in the provided context, the Renault Triber RXL CNG is ranked higher than the Renault Triber RXE CNG due to its slightly higher ...
      STATS: Overall Quality: 0.838
      STATS: Faithfulness: N/A
      STATS: Relevancy: N/A

   Q2: How do these cars compare overall?
      SUCCESS: Answer generated (5.13s)
      Q💬A: Answer:  Based on the provided context, here's a concise comparison of these cars overall:

1. **Price**: The Maruti S-Presso LXI CNG is the most affordable at Rs. 5,91,500, while the Hyundai Grand i10 Nios Magna Duo CNG is the most expensive at Rs. 7,83,500.

2. **Seating Capacity**: The Renault Triber RXL...
      STATS: Overall Quality: 0.822
      STATS: Faithfulness: N/A
      STATS: Relevancy: N/A

   Q3: What about the ride quality?
      SUCCESS: Answer generated (4.85s)
      Q💬A: Answer:  The context provides some information about the "Comfort Score" of each vehicle, which could be interpreted as a measure of ride quality. Here's the information directly from the context:

- Renault Triber RXL CNG: 3.25/5
- Renault Triber RXE CNG: 3.0/5
- Renault Kiger RXL CNG: 3.25/5
- Maruti Cele...
      STATS: Overall Quality: 0.901
      STATS: Faithfulness: N/A
      STATS: Relevancy: N/A

############################################################
Progress: 77/100 (77.0%)
TIME:  Estimated time remaining: 11.6 minutes

============================================================
TEST: Test Case #77: Eco-conscious buyer
============================================================
PREFS: Budget: ₹600,000-₹1,000,000 | Fuel: Electric | Body: Hatchback | Trans: Manual | Seats: 7 | Features: Apple CarPlay/Android Auto, Lane Assist

STATS: Getting recommendations...
   SUCCESS: Got 5 recommendations
   TIME:  Response time: 1.87s

   CARS: Recommended Cars:
      1. Tata Altroz Racer R1
         Price: Rs.9,49,990 | Fuel: Petrol | Trans: N/A
         Match Score: 26.000
      2. MG Comet EV Exclusive
         Price: Rs.9,25,800 | Fuel: Electric | Trans: N/A
         Match Score: 25.000
      3. Hyundai i20 N-Line N6
         Price: Rs.9,99,500 | Fuel: Petrol | Trans: N/A
         Match Score: 26.000
      4. MG Comet EV Blackstorm Edition
         Price: Rs.9,80,800 | Fuel: Electric | Trans: N/A
         Match Score: 25.000
      5. Tata Tiago EV XT MR
         Price: Rs.8,99,000 | Fuel: Electric | Trans: N/A
         Match Score: 25.000
   STATS: Overall Quality: 0.506
   STATS: Relevance: 0.576
   STATS: Diversity: 0.338
   STATS: NDCG@K: 0.9757
   STATS: ILD (Diversity): 0.3671
   STATS: Novelty: 0.2000
   STATS: Serendipity: 0.1400

Q💬A: Asking 3 questions...

   Q1: Compare the fuel economy of these options
      SUCCESS: Answer generated (4.05s)
      Q💬A: Answer:  The context provided does not include fuel economy details for all car options, only power sources are mentioned. However, I can provide the following information:

1. Tata Altroz Racer R1: Petrol, no specific fuel economy mentioned
2. MG Comet EV Exclusive, MG Comet EV Blackstorm Edition, MG Comet...
      STATS: Overall Quality: 0.545
      STATS: Faithfulness: N/A
      STATS: Relevancy: N/A

   Q2: Which car should I choose and why?
      SUCCESS: Answer generated (5.41s)
      Q💬A: Answer:  I don't have enough information to choose the best car for you as the answer depends on your personal preferences and requirements. However, if you're looking for a hatchback with a good balance of power, features, and comfort score around your provided budget range, I would suggest considering the...
      STATS: Overall Quality: 0.857
      STATS: Faithfulness: N/A
      STATS: Relevancy: N/A

   Q3: Which has the lowest service cost?
      SUCCESS: Answer generated (2.06s)
      Q💬A: Answer:  The context does not provide information on service costs for these vehicles. I'm sorry I couldn't provide the answer you're looking for.
      STATS: Overall Quality: 0.58
      STATS: Faithfulness: N/A
      STATS: Relevancy: N/A

############################################################
Progress: 78/100 (78.0%)
TIME:  Estimated time remaining: 11.1 minutes

============================================================
TEST: Test Case #78: Long-distance highway driver
============================================================
PREFS: Budget: ₹800,000-₹1,200,000 | Fuel: CNG | Body: Crossover | Trans: Any | Seats: 7 | Features: Apple CarPlay/Android Auto

STATS: Getting recommendations...
   SUCCESS: Got 5 recommendations
   TIME:  Response time: 1.81s

   CARS: Recommended Cars:
      1. Maruti Ertiga ZXI (O) CNG
         Price: Rs.11,98,000 | Fuel: CNG | Trans: N/A
         Match Score: 23.000
      2. Maruti Ertiga VXi (O) CNG
         Price: Rs.10,88,000 | Fuel: CNG | Trans: N/A
         Match Score: 23.000
      3. Hyundai Aura SX CNG
         Price: Rs.9,11,000 | Fuel: CNG | Trans: N/A
         Match Score: 18.000
      4. Renault Triber RXT CNG
         Price: Rs.8,50,495 | Fuel: CNG | Trans: N/A
         Match Score: 23.000
      5. Toyota Rumion S CNG
         Price: Rs.11,49,000 | Fuel: CNG | Trans: N/A
         Match Score: 23.000
   STATS: Overall Quality: 0.664
   STATS: Relevance: 0.667
   STATS: Diversity: 0.416
   STATS: NDCG@K: 1.0000
   STATS: ILD (Diversity): 0.2251
   STATS: Novelty: 0.3400
   STATS: Serendipity: 0.2380

Q💬A: Asking 3 questions...

   Q1: What is the mileage of these cars?
      SUCCESS: Answer generated (2.41s)
      Q💬A: Answer:  I don't have the exact mileage figures for these car models. However, CNG vehicles generally offer good fuel efficiency. For accurate mileage details, I would recommend checking the official manufacturer websites or brochures.
      STATS: Overall Quality: 0.629
      STATS: Faithfulness: N/A
      STATS: Relevancy: N/A

   Q2: What are the pros and cons of each?
      SUCCESS: Answer generated (7.65s)
      Q💬A: Answer:  I'll provide a comparison of each car, focusing on key features, price, power, and comfort score. However, as a car expert assistant, I don't have personal opinions to provide pros and cons, so I'll just lay out the facts for you to make your own conclusions.

1. Maruti Ertiga ZXI (O) CNG
   - Pric...
      STATS: Overall Quality: 0.866
      STATS: Faithfulness: N/A
      STATS: Relevancy: N/A

   Q3: What comfort features are available?
      SUCCESS: Answer generated (3.76s)
      Q💬A: Answer:  The Maruti Ertiga ZXI (O) CNG and Tour STD CNG have ventilated seats. The Maruti Ertiga ZXI (O) CNG, Hyundai Aura SX CNG, and Hyundai Grand i10 Nios Sportz Duo CNG have Apple CarPlay/Android Auto. The Maruti Ertiga ZXI (O) CNG has a comfort score of 3.75/5, and the Maruti Ertiga Tour STD CNG, Hyund...
      STATS: Overall Quality: 0.906
      STATS: Faithfulness: N/A
      STATS: Relevancy: N/A

############################################################
Progress: 79/100 (79.0%)
TIME:  Estimated time remaining: 10.5 minutes

============================================================
TEST: Test Case #79: Ride-sharing driver
============================================================
PREFS: Budget: ₹800,000-₹1,200,000 | Fuel: Any | Body: MUV | Trans: Any | Seats: 5 | Features: Sunroof

STATS: Getting recommendations...
   SUCCESS: Got 5 recommendations
   TIME:  Response time: 1.50s

   CARS: Recommended Cars:
      1. Honda Elevate SV
         Price: Rs.11,91,000 | Fuel: Petrol | Trans: N/A
         Match Score: 15.000
      2. Citroen Aircross You
         Price: Rs.8,49,000 | Fuel: Petrol | Trans: N/A
         Match Score: 15.000
      3. Citroen Basalt Plus
         Price: Rs.9,99,000 | Fuel: Petrol | Trans: N/A
         Match Score: 15.000
      4. Citroen Basalt You
         Price: Rs.8,25,000 | Fuel: Petrol | Trans: N/A
         Match Score: 15.000
      5. Citroen Aircross Plus
         Price: Rs.9,99,000 | Fuel: Petrol | Trans: N/A
         Match Score: 15.000
   STATS: Overall Quality: 0.535
   STATS: Relevance: 0.6
   STATS: Diversity: 0.297
   STATS: NDCG@K: 1.0000
   STATS: ILD (Diversity): 0.1688
   STATS: Novelty: 0.4600
   STATS: Serendipity: 0.3220

Q💬A: Asking 3 questions...

   Q1: What features do these cars offer?
      SUCCESS: Answer generated (4.50s)
      Q💬A: Answer:  The cars listed offer the following features:

1. Honda Elevate SV, Honda Elevate SV Reinforced: Ventilated seats, manual transmission, an MPV body type, and a 119bhp engine.
2. Citroen Aircross You: Ventilated seats, manual transmission, an SUV body type, and an 81bhp engine.
3. Citroen Basalt Plu...
      STATS: Overall Quality: 0.861
      STATS: Faithfulness: N/A
      STATS: Relevancy: N/A

   Q2: How do these cars compare overall?
      SUCCESS: Answer generated (4.97s)
      Q💬A: Answer:  Based on the provided context, here's a concise comparison:

1. Price: The Honda Amaze V is the most affordable at Rs. 8,09,900, while the Honda Elevate SV Reinforced and Honda Amaze VX CVT are the most expensive at Rs. 11,91,000.

2. Type: The Honda Elevate SV and Honda Elevate SV Reinforced are M...
      STATS: Overall Quality: 0.791
      STATS: Faithfulness: N/A
      STATS: Relevancy: N/A

   Q3: Which car offers best value for money?
      SUCCESS: Answer generated (3.06s)
      Q💬A: Answer:  Determining the "best value for money" can depend on various factors and personal preferences. However, if we compare the features and prices of the cars listed, the Citroen Basalt You seems to offer a competitive package at Rs. 8,25,000 with ventilated seats and a manual transmission. Please note ...
      STATS: Overall Quality: 0.774
      STATS: Faithfulness: N/A
      STATS: Relevancy: N/A

############################################################
Progress: 80/100 (80.0%)
TIME:  Estimated time remaining: 10.0 minutes

============================================================
TEST: Test Case #80: Young professional
============================================================
PREFS: Budget: ₹500,000-₹800,000 | Fuel: Electric | Body: SUV | Trans: Manual | Seats: 8 | Features: Apple CarPlay/Android Auto, Lane Assist

STATS: Getting recommendations...
   SUCCESS: Got 5 recommendations
   TIME:  Response time: 1.31s

   CARS: Recommended Cars:
      1. Kia Syros HTK Turbo
         Price: Rs.8,99,900 | Fuel: Petrol | Trans: N/A
         Match Score: 20.000
      2. Maruti Brezza Lxi
         Price: Rs.8,69,000 | Fuel: Petrol | Trans: N/A
         Match Score: 20.000
      3. Citroen Aircross You
         Price: Rs.8,49,000 | Fuel: Petrol | Trans: N/A
         Match Score: 18.000
      4. Skoda Kylaq Classic
         Price: Rs.7,89,000 | Fuel: Petrol | Trans: N/A
         Match Score: 18.000
      5. Citroen Basalt You
         Price: Rs.8,25,000 | Fuel: Petrol | Trans: N/A
         Match Score: 18.000
   STATS: Overall Quality: 0.358
   STATS: Relevance: 0.514
   STATS: Diversity: 0.399
   STATS: NDCG@K: 0.9944
   STATS: ILD (Diversity): 0.2023
   STATS: Novelty: 0.5200
   STATS: Serendipity: 0.3640

Q💬A: Asking 3 questions...

   Q1: Which car has the most technology features?
      SUCCESS: Answer generated (5.61s)
      Q💬A: Answer:  Based on the provided context, the Hyundai Creta has the most technology features. It comes with a twin screen setup, dual-zone climate control, rear AC vents, a 10.25-inch touchscreen with Android Auto and Apple CarPlay, a 10.25-inch digital driver’s display, a 360-degree camera, and Level 2 ADAS ...
      STATS: Overall Quality: 0.942
      STATS: Faithfulness: N/A
      STATS: Relevancy: N/A

   Q2: What are the pros and cons of each?
      SUCCESS: Answer generated (15.79s)
      Q💬A: Answer:  Here are the pros and cons of each car from the context:

1. Kia Syros HTK Turbo:

Pros:
- Turbocharged engine
- Apple CarPlay/Android Auto compatibility
- Affordable price

Cons:
- Lower comfort score compared to some competitors
- Only manual transmission available

2. Maruti Brezza Lxi:

Pros:
-...
      STATS: Overall Quality: 0.92
      STATS: Faithfulness: N/A
      STATS: Relevancy: N/A

   Q3: Tell me about the safety ratings of these cars
      SUCCESS: Answer generated (4.31s)
      Q💬A: Answer:  I'm sorry for the confusion, but the safety ratings for these specific cars haven't been provided in the context. However, I can tell you that the safety ratings would typically come from organizations like the Global NCAP, which conducts crash tests and assigns safety ratings to vehicles based on ...
      STATS: Overall Quality: 0.667
      STATS: Faithfulness: N/A
      STATS: Relevancy: N/A

💾 Saved intermediate results to results/intermediate_results_80.json

############################################################
Progress: 81/100 (81.0%)
TIME:  Estimated time remaining: 9.5 minutes

============================================================
TEST: Test Case #81: Tech-savvy millennial
============================================================
PREFS: Budget: ₹1,000,000-₹1,500,000 | Fuel: Diesel | Body: SUV | Trans: Automatic | Seats: 5 | Features: Wireless Charging, 360 Camera, Apple CarPlay/Android Auto

STATS: Getting recommendations...
   SUCCESS: Got 5 recommendations
   TIME:  Response time: 2.26s

   CARS: Recommended Cars:
      1. Tata Curvv Pure Plus Diesel DCA
         Price: Rs.14,16,990 | Fuel: Diesel | Trans: N/A
         Match Score: 39.000
      2. Kia Syros HTX Plus Opt Diesel AT
         Price: Rs.17,79,900 | Fuel: Diesel | Trans: N/A
         Match Score: 34.000
      3. Tata Curvv Pure Plus S Diesel DCA
         Price: Rs.14,86,990 | Fuel: Diesel | Trans: N/A
         Match Score: 39.000
      4. Mahindra Scorpio N Z4 Diesel AT
         Price: Rs.17,70,200 | Fuel: Diesel | Trans: N/A
         Match Score: 34.000
      5. Kia Syros HTX Plus Diesel AT
         Price: Rs.16,99,900 | Fuel: Diesel | Trans: N/A
         Match Score: 34.000
   STATS: Overall Quality: 0.496
   STATS: Relevance: 0.8
   STATS: Diversity: 0.298
   STATS: NDCG@K: 1.0000
   STATS: ILD (Diversity): 0.1146
   STATS: Novelty: 0.1200
   STATS: Serendipity: 0.0840

Q💬A: Asking 3 questions...

   Q1: Tell me about the infotainment system
      SUCCESS: Answer generated (8.62s)
      Q💬A: Answer:  The Hyundai Creta EX Diesel AT is equipped with a 10.25-inch touchscreen infotainment system that has an easy-to-understand interface, great resolution, and fast response times. It supports Android Auto and Apple CarPlay, although it's wired via a type-A USB cable. The lower variants of the Creta w...
      STATS: Overall Quality: 0.215
      STATS: Faithfulness: N/A
      STATS: Relevancy: N/A

   Q2: Which car should I choose and why?
      SUCCESS: Answer generated (9.65s)
      Q💬A: Answer:  Based on the provided context, if you're looking for a diesel SUV with automatic transmission, the Kia Syros HTX Plus Opt Diesel AT and the Hyundai Creta EX (O) Diesel AT are both good options. 

The Kia Syros HTX Plus Opt Diesel AT comes with a 114bhp diesel engine, automatic transmission, seats 5...
      STATS: Overall Quality: 0.863
      STATS: Faithfulness: N/A
      STATS: Relevancy: N/A

   Q3: Which car is most comfortable for long drives?
      SUCCESS: Answer generated (7.07s)
      Q💬A: Answer:  Based on the provided context, the Hyundai Creta is a strong contender for the most comfortable car for long drives. It has a spacious interior with good legroom and headroom for both front and rear passengers. The seats are well-cushioned, offering balanced comfort for both short and long journeys...
      STATS: Overall Quality: 0.942
      STATS: Faithfulness: N/A
      STATS: Relevancy: N/A

############################################################
Progress: 82/100 (82.0%)
TIME:  Estimated time remaining: 9.1 minutes

============================================================
TEST: Test Case #82: Budget-conscious first-time buyer
============================================================
PREFS: Budget: ₹1,500,000-₹2,000,000 | Fuel: Hybrid | Body: SUV | Trans: Any | Seats: 5 | Features: Apple CarPlay/Android Auto, Automatic Climate Control

STATS: Getting recommendations...
   SUCCESS: Got 5 recommendations
   TIME:  Response time: 1.84s

   CARS: Recommended Cars:
      1. Hyundai Alcazar Executive Diesel
         Price: Rs.15,99,000 | Fuel: Diesel | Trans: N/A
         Match Score: 22.000
      2. Hyundai Creta Electric Smart
         Price: Rs.18,99,900 | Fuel: Electric | Trans: N/A
         Match Score: 22.000
      3. Hyundai Alcazar Executive Matte Diesel
         Price: Rs.16,14,000 | Fuel: Diesel | Trans: N/A
         Match Score: 22.000
      4. Hyundai Alcazar Platinum Diesel
         Price: Rs.19,55,900 | Fuel: Diesel | Trans: N/A
         Match Score: 22.000
      5. Hyundai Alcazar Platinum
         Price: Rs.19,55,900 | Fuel: Petrol | Trans: N/A
         Match Score: 22.000
   STATS: Overall Quality: 0.57
   STATS: Relevance: 0.611
   STATS: Diversity: 0.278
   STATS: NDCG@K: 1.0000
   STATS: ILD (Diversity): 0.2687
   STATS: Novelty: 0.3000
   STATS: Serendipity: 0.2100

Q💬A: Asking 3 questions...

   Q1: What is the price difference between these options?
      SUCCESS: Answer generated (5.04s)
      Q💬A: Answer:  I'm sorry for the confusion, but the question seems incomplete as there are no specific car options provided for comparing prices. However, I can help you find the price difference between any two cars in the context if you specify them.

The context contains the following Hyundai cars with their r...
      STATS: Overall Quality: 0.325
      STATS: Faithfulness: N/A
      STATS: Relevancy: N/A

   Q2: How do these cars compare overall?
      SUCCESS: Answer generated (4.28s)
      Q💬A: Answer:  The Hyundai Creta Electric Smart and Hyundai Alcazar models compared overall have some similarities and differences. 

In terms of similarities, they are all SUVs with 5 or 7 seats, offering multiple powertrain options including diesel, petrol, and electric. They come with manual and automatic tran...
      STATS: Overall Quality: 0.851
      STATS: Faithfulness: N/A
      STATS: Relevancy: N/A

   Q3: Which car is most comfortable for long drives?
      SUCCESS: Answer generated (3.70s)
      Q💬A: Answer:  Based on the provided context, the Hyundai Alcazar and Hyundai Creta models have a Comfort Score of 3.5/5 and 3.75/5 respectively, with the Alcazar Platinum Diesel and Alcazar Platinum Matte DT being the most comfortable due to their slightly higher comfort score. However, the Creta's interior spac...
      STATS: Overall Quality: 0.913
      STATS: Faithfulness: N/A
      STATS: Relevancy: N/A

############################################################
Progress: 83/100 (83.0%)
TIME:  Estimated time remaining: 8.6 minutes

============================================================
TEST: Test Case #83: Tech-savvy millennial
============================================================
PREFS: Budget: ₹1,500,000-₹2,000,000 | Fuel: Electric | Body: Any | Trans: Manual | Seats: 8 | Features: Wireless Charging, 360 Camera

STATS: Getting recommendations...
   SUCCESS: Got 5 recommendations
   TIME:  Response time: 2.04s

   CARS: Recommended Cars:
      1. Tata Curvv EV Accomplished Plus S 45
         Price: Rs.19,29,000 | Fuel: Electric | Trans: N/A
         Match Score: 21.000
      2. Tata Curvv EV Accomplished 55
         Price: Rs.19,25,000 | Fuel: Electric | Trans: N/A
         Match Score: 21.000
      3. Tata Curvv EV Accomplished 45
         Price: Rs.18,49,000 | Fuel: Electric | Trans: N/A
         Match Score: 21.000
      4. Tata Curvv EV Accomplished Plus S 55
         Price: Rs.19,99,000 | Fuel: Electric | Trans: N/A
         Match Score: 21.000
      5. Mahindra BE 6 Pack One
         Price: Rs.18,90,000 | Fuel: Electric | Trans: N/A
         Match Score: 21.000
   STATS: Overall Quality: 0.452
   STATS: Relevance: 0.514
   STATS: Diversity: 0.225
   STATS: NDCG@K: 1.0000
   STATS: ILD (Diversity): 0.0521
   STATS: Novelty: 0.0400
   STATS: Serendipity: 0.0280

Q💬A: Asking 3 questions...

   Q1: How do these cars compare overall?
      SUCCESS: Answer generated (16.35s)
      Q💬A: Answer:  Based on the provided context, here's a comparison of the cars overall:

1. Tata Curvv EV: The Tata Curvv EV is an all-electric SUV with multiple variants, offering features like a sunroof, Apple CarPlay/Android Auto, and a comfortable score of 3.75/5. The power varies between 148bhp and 165bhp dep...
      STATS: Overall Quality: 0.813
      STATS: Faithfulness: N/A
      STATS: Relevancy: N/A

   Q2: Which car should I choose and why?
      SUCCESS: Answer generated (9.46s)
      Q💬A: Answer:  Based on the context provided, if you're looking for an Electric SUV with a good balance of power, features, and comfort, the Tata Curvv EV Accomplished 45 could be a good choice. It has a power output of 148bhp, which is quite decent for an electric SUV. It also comes with features like Apple CarP...
      STATS: Overall Quality: 0.873
      STATS: Faithfulness: N/A
      STATS: Relevancy: N/A

   Q3: Which one is safest for family?
      SUCCESS: Answer generated (6.21s)
      Q💬A: Answer:  Based on the context provided, the Hyundai Creta has good safety features for a family SUV. Standard safety features include 6 airbags, ABS with EBD, electronic stability control, hill assist, and a tyre pressure monitoring system. Higher variants also get a 360° camera and Level 2 ADAS with featur...
      STATS: Overall Quality: 0.196
      STATS: Faithfulness: N/A
      STATS: Relevancy: N/A

############################################################
Progress: 84/100 (84.0%)
TIME:  Estimated time remaining: 8.1 minutes

============================================================
TEST: Test Case #84: College student on tight budget
============================================================
PREFS: Budget: ₹1,500,000-₹2,000,000 | Fuel: Any | Body: Sedan | Trans: Automatic | Seats: 7 | Features: Apple CarPlay/Android Auto, Automatic Climate Control

STATS: Getting recommendations...
   SUCCESS: Got 5 recommendations
   TIME:  Response time: 1.77s

   CARS: Recommended Cars:
      1. Hyundai Verna SX Opt IVT
         Price: Rs.16,36,400 | Fuel: Petrol | Trans: N/A
         Match Score: 26.000
      2. Hyundai Verna SX Opt Turbo DCT
         Price: Rs.17,54,800 | Fuel: Petrol | Trans: N/A
         Match Score: 26.000
      3. Volkswagen Virtus Topline AT ES
         Price: Rs.16,85,900 | Fuel: Petrol | Trans: N/A
         Match Score: 26.000
      4. Honda City VX Apex Edition CVT
         Price: Rs.15,62,000 | Fuel: Petrol | Trans: N/A
         Match Score: 26.000
      5. Hyundai Verna SX Opt Turbo DCT DT
         Price: Rs.17,54,800 | Fuel: Petrol | Trans: N/A
         Match Score: 26.000
   STATS: Overall Quality: 0.64
   STATS: Relevance: 0.676
   STATS: Diversity: 0.289
   STATS: NDCG@K: 1.0000
   STATS: ILD (Diversity): 0.0907
   STATS: Novelty: 0.0400
   STATS: Serendipity: 0.0280

Q💬A: Asking 3 questions...

   Q1: Are there any hidden costs I should know?
      SUCCESS: Answer generated (2.94s)
      Q💬A: Answer:  Based on the provided context, I don't have enough information to provide specific details about potential hidden costs. The prices listed seem to be the full prices for each car model. However, it's important to note that actual costs can vary based on factors like registration, insurance, and add...
      STATS: Overall Quality: 0.759
      STATS: Faithfulness: N/A
      STATS: Relevancy: N/A

   Q2: What are the pros and cons of each?
      SUCCESS: Answer generated (8.12s)
      Q💬A: Answer:  I'll provide a comparison of the key features, which can help you understand the pros and cons of each.

1. Hyundai Verna SX Opt IVT:
   - Pro: Smooth automatic transmission, good fuel efficiency, and a powerful engine for its class.
   - Con: Slightly more expensive than some competitors with simi...
      STATS: Overall Quality: 0.849
      STATS: Faithfulness: N/A
      STATS: Relevancy: N/A

   Q3: Which has the most spacious interior?
      SUCCESS: Answer generated (2.00s)
      Q💬A: Answer:  Based on the provided context, the cars listed are comparable in terms of interior space as they all have a sedan body style and seat 5 people. The context does not provide specific information on which car has the most spacious interior.
      STATS: Overall Quality: 0.749
      STATS: Faithfulness: N/A
      STATS: Relevancy: N/A

############################################################
Progress: 85/100 (85.0%)
TIME:  Estimated time remaining: 7.6 minutes

============================================================
TEST: Test Case #85: Tech-savvy millennial
============================================================
PREFS: Budget: ₹500,000-₹800,000 | Fuel: Electric | Body: MUV | Trans: Any | Seats: 5 | Features: 360 Camera, Wireless Charging

STATS: Getting recommendations...
   SUCCESS: Got 5 recommendations
   TIME:  Response time: 1.60s

   CARS: Recommended Cars:
      1. Tata Tiago EV XE MR
         Price: Rs.7,99,000 | Fuel: Electric | Trans: N/A
         Match Score: 23.000
      2. Hyundai Aura S
         Price: Rs.7,38,200 | Fuel: Petrol | Trans: N/A
         Match Score: 15.000
      3. Hyundai Aura E
         Price: Rs.6,54,100 | Fuel: Petrol | Trans: N/A
         Match Score: 15.000
      4. MG Comet EV Executive
         Price: Rs.6,99,800 | Fuel: Electric | Trans: N/A
         Match Score: 18.000
      5. Tata Tiago EV XT MR
         Price: Rs.8,99,000 | Fuel: Electric | Trans: N/A
         Match Score: 18.000
   STATS: Overall Quality: 0.468
   STATS: Relevance: 0.522
   STATS: Diversity: 0.402
   STATS: NDCG@K: 0.9374
   STATS: ILD (Diversity): 0.5199
   STATS: Novelty: 0.4600
   STATS: Serendipity: 0.3220

Q💬A: Asking 3 questions...

   Q1: How much will I spend on fuel monthly?
      SUCCESS: Answer generated (15.23s)
      Q💬A: Answer:  To calculate the monthly fuel expense, we need to know the average distance traveled per month, the city's fuel price, and the vehicle's fuel efficiency. Since this information is not provided, I can't give you an exact number. However, I can help you with the calculation once you have these detail...
      STATS: Overall Quality: 0.814
      STATS: Faithfulness: N/A
      STATS: Relevancy: N/A

   Q2: How do these cars compare overall?
      SUCCESS: Answer generated (18.24s)
      Q💬A: Answer:  The given context provides information on various car models along with their specifications and reviews. However, it doesn't directly compare these cars overall. To compare them, we can look at factors like price, power, comfort score, and features.

In terms of price, the Hyundai Aura S is the mo...
      STATS: Overall Quality: 0.899
      STATS: Faithfulness: N/A
      STATS: Relevancy: N/A

   Q3: Are there any hidden costs I should know?
      SUCCESS: Answer generated (3.81s)
      Q💬A: Answer:  Based on the provided context, there are no mentions of any hidden costs for the cars listed. The prices seem to be all-inclusive for each model. However, it's always a good idea to confirm any additional costs, such as insurance, registration, and periodic maintenance, when purchasing a vehicle.
      STATS: Overall Quality: 0.835
      STATS: Faithfulness: N/A
      STATS: Relevancy: N/A

############################################################
Progress: 86/100 (86.0%)
TIME:  Estimated time remaining: 7.2 minutes

============================================================
TEST: Test Case #86: Budget-conscious first-time buyer
============================================================
PREFS: Budget: ₹1,500,000-₹2,000,000 | Fuel: CNG | Body: Any | Trans: Manual | Seats: 5 | Features: Automatic Climate Control

STATS: Getting recommendations...
   SUCCESS: Got 5 recommendations
   TIME:  Response time: 1.74s

   CARS: Recommended Cars:
      1. Toyota Hyryder G CNG
         Price: Rs.15,59,000 | Fuel: CNG | Trans: N/A
         Match Score: 29.000
      2. Maruti Grand Vitara Zeta CNG
         Price: Rs.15,21,000 | Fuel: CNG | Trans: N/A
         Match Score: 29.000
      3. Hyundai Creta N Line N8
         Price: Rs.16,93,300 | Fuel: Petrol | Trans: N/A
         Match Score: 23.000
      4. Honda City ZX
         Price: Rs.15,30,000 | Fuel: Petrol | Trans: N/A
         Match Score: 23.000
      5. Hyundai Creta N Line N8 Titan Grey Matte
         Price: Rs.16,98,300 | Fuel: Petrol | Trans: N/A
         Match Score: 23.000
   STATS: Overall Quality: 0.668
   STATS: Relevance: 0.756
   STATS: Diversity: 0.45
   STATS: NDCG@K: 1.0000
   STATS: ILD (Diversity): 0.3359
   STATS: Novelty: 0.1800
   STATS: Serendipity: 0.1260

Q💬A: Asking 3 questions...

   Q1: What is the price difference between these options?
      SUCCESS: Answer generated (2.93s)
      Q💬A: Answer:  To provide an accurate price difference, I need to know the specific models you're comparing. However, based on the context provided, here are some price differences between various Hyundai Creta models:

- Hyundai Creta N Line N8: Rs. 16,93,300
- Hyundai Creta N Line N8 Titan Grey Matte: Rs. 16,98...
      STATS: Overall Quality: 0.195
      STATS: Faithfulness: N/A
      STATS: Relevancy: N/A

   Q2: What are the main differences between these cars?
      SUCCESS: Answer generated (9.62s)
      Q💬A: Answer:  The main differences between these cars are their fuel types, powertrains, features, and comfort scores. Here's a brief comparison:

1. Toyota Hyryder G CNG: CNG, 86bhp, manual, SUV, seats 5.0, Rs. 15,59,000, features: Apple CarPlay/Android Auto, ventilated seats, comfort score: 3.5/5
2. Maruti Gra...
      STATS: Overall Quality: 0.894
      STATS: Faithfulness: N/A
      STATS: Relevancy: N/A

   Q3: Tell me about the infotainment system
      SUCCESS: Answer generated (3.50s)
      Q💬A: Answer:  The Hyundai Creta is equipped with a 10.25-inch touchscreen infotainment system in higher-end variants. This system offers features such as Android Auto and Apple CarPlay, but they are wired connections. The lower variants of the Creta come with an 8-inch touchscreen that supports wireless Android ...
      STATS: Overall Quality: 0.906
      STATS: Faithfulness: N/A
      STATS: Relevancy: N/A

############################################################
Progress: 87/100 (87.0%)
TIME:  Estimated time remaining: 6.7 minutes

============================================================
TEST: Test Case #87: College student on tight budget
============================================================
PREFS: Budget: ₹1,500,000-₹2,000,000 | Fuel: CNG | Body: Hatchback | Trans: Manual | Seats: 8 | Features: Apple CarPlay/Android Auto, Automatic Climate Control

STATS: Getting recommendations...
   SUCCESS: Got 5 recommendations
   TIME:  Response time: 2.23s

   CARS: Recommended Cars:
      1. Toyota Hyryder G CNG
         Price: Rs.15,59,000 | Fuel: CNG | Trans: N/A
         Match Score: 24.000
      2. Maruti Grand Vitara Zeta CNG
         Price: Rs.15,21,000 | Fuel: CNG | Trans: N/A
         Match Score: 24.000
      3. Toyota Innova Crysta 2.4 GX 8Str
         Price: Rs.19,99,000 | Fuel: Diesel | Trans: N/A
         Match Score: 21.000
      4. Honda Elevate ZX Black Edition
         Price: Rs.15,51,000 | Fuel: Petrol | Trans: N/A
         Match Score: 16.000
      5. Honda Elevate ZX
         Price: Rs.15,41,000 | Fuel: Petrol | Trans: N/A
         Match Score: 16.000
   STATS: Overall Quality: 0.527
   STATS: Relevance: 0.481
   STATS: Diversity: 0.452
   STATS: NDCG@K: 1.0000
   STATS: ILD (Diversity): 0.4221
   STATS: Novelty: 0.4800
   STATS: Serendipity: 0.3360

Q💬A: Asking 3 questions...

   Q1: What is the price difference between these options?
      SUCCESS: Answer generated (4.63s)
      Q💬A: Answer:  The prices of the cars mentioned in the context are as follows:
Toyota Hyryder G CNG - Rs. 15,59,000
Maruti Grand Vitara Zeta CNG - Rs. 15,21,000
Toyota Innova Crysta 2.4 GX 8Str - Rs. 19,99,000
Honda Elevate ZX Black Edition - Rs. 15,51,000
Honda Elevate ZX - Rs. 15,41,000
Honda City ZX - Rs. 15,3...
      STATS: Overall Quality: 0.909
      STATS: Faithfulness: N/A
      STATS: Relevancy: N/A

   Q2: What are the main differences between these cars?
      SUCCESS: Answer generated (9.35s)
      Q💬A: Answer:  The main differences between these cars are their types, fuel types, prices, number of seats, power, features, and comfort scores. Here's a brief comparison:

1. Toyota Hyryder G CNG: 5-seater SUV with a CNG engine, priced at Rs. 15,59,000, 86bhp power, features include Apple CarPlay/Android Auto, ...
      STATS: Overall Quality: 0.898
      STATS: Faithfulness: N/A
      STATS: Relevancy: N/A

   Q3: What is the warranty coverage?
      SUCCESS: Answer generated (2.98s)
      Q💬A: Answer:  The Hyundai Creta comes with a standard warranty coverage of 3 years/unlimited kilometers. Additionally, Hyundai offers 2 years/30,000 kilometers extended warranty, which can be extended up to 10 years/2 lakh kilometers, making it a total of 5 years/2 lakh kilometers warranty coverage. This warrant...
      STATS: Overall Quality: 0.183
      STATS: Faithfulness: N/A
      STATS: Relevancy: N/A

############################################################
Progress: 88/100 (88.0%)
TIME:  Estimated time remaining: 6.2 minutes

============================================================
TEST: Test Case #88: Adventure/off-road enthusiast
============================================================
PREFS: Budget: ₹1,800,000-₹2,500,000 | Fuel: Electric | Body: Crossover | Trans: Automatic | Seats: 7 | Features: Lane Assist

STATS: Getting recommendations...
   SUCCESS: Got 5 recommendations
   TIME:  Response time: 1.89s

   CARS: Recommended Cars:
      1. Mahindra BE 6 Pack Two
         Price: Rs.21,90,000 | Fuel: Electric | Trans: N/A
         Match Score: 24.000
      2. Mahindra BE 6 Pack One Above
         Price: Rs.20,50,000 | Fuel: Electric | Trans: N/A
         Match Score: 24.000
      3. Mahindra BE 6 Pack One
         Price: Rs.18,90,000 | Fuel: Electric | Trans: N/A
         Match Score: 24.000
      4. Hyundai Creta Electric Premium HC
         Price: Rs.20,72,900 | Fuel: Electric | Trans: N/A
         Match Score: 24.000
      5. Hyundai Creta Electric Premium HC DT
         Price: Rs.20,87,900 | Fuel: Electric | Trans: N/A
         Match Score: 24.000
   STATS: Overall Quality: 0.643
   STATS: Relevance: 0.615
   STATS: Diversity: 0.229
   STATS: NDCG@K: 1.0000
   STATS: ILD (Diversity): 0.0800
   STATS: Novelty: 0.4200
   STATS: Serendipity: 0.2940

Q💬A: Asking 3 questions...

   Q1: What are the pros and cons of each?
      SUCCESS: Answer generated (8.40s)
      Q💬A: Answer:  Here are the pros and cons of the Hyundai Creta Electric models listed in the context:

1. Hyundai Creta Electric Premium

   Pros:
   - Well-sorted variants catering to different individuals' needs
   - Spacious cabin with good legroom and headroom for average-sized adults
   - Comfortable front s...
      STATS: Overall Quality: 0.912
      STATS: Faithfulness: N/A
      STATS: Relevancy: N/A

   Q2: What are the main differences between these cars?
      SUCCESS: Answer generated (8.01s)
      Q💬A: Answer:  The main differences between these cars are:

1. **Models:** The list includes various models from Mahindra (BE 6 Pack Two, BE 6 Pack One Above, BE 6 Pack One) and Hyundai (Creta Electric Premium HC, Creta Electric Premium HC DT, Creta Electric Excellence LR HC DT, Creta Electric Excellence LR DT, ...
      STATS: Overall Quality: 0.893
      STATS: Faithfulness: N/A
      STATS: Relevancy: N/A

   Q3: What are the maintenance costs?
      SUCCESS: Answer generated (3.11s)
      Q💬A: Answer:  I don't have the maintenance cost details for the specific car models listed. Maintenance costs can vary based on factors like vehicle specifications, usage, and location. It's recommended to check the official manufacturer's website or contact a dealership for the most accurate information on main...
      STATS: Overall Quality: 0.772
      STATS: Faithfulness: N/A
      STATS: Relevancy: N/A

############################################################
Progress: 89/100 (89.0%)
TIME:  Estimated time remaining: 5.7 minutes

============================================================
TEST: Test Case #89: Resale value focused buyer
============================================================
PREFS: Budget: ₹700,000-₹1,400,000 | Fuel: Petrol | Body: Crossover | Trans: Manual | Seats: 8 | Features: Wireless Charging

STATS: Getting recommendations...
   SUCCESS: Got 5 recommendations
   TIME:  Response time: 2.21s

   CARS: Recommended Cars:
      1. Citroen Aircross Plus
         Price: Rs.9,99,000 | Fuel: Petrol | Trans: N/A
         Match Score: 24.000
      2. Citroen Aircross You
         Price: Rs.8,49,000 | Fuel: Petrol | Trans: N/A
         Match Score: 24.000
      3. Citroen Basalt You
         Price: Rs.8,25,000 | Fuel: Petrol | Trans: N/A
         Match Score: 24.000
      4. Citroen Aircross Turbo Plus 7 Seater
         Price: Rs.12,46,300 | Fuel: Petrol | Trans: N/A
         Match Score: 24.000
      5. Citroen Aircross Turbo Plus
         Price: Rs.12,11,300 | Fuel: Petrol | Trans: N/A
         Match Score: 24.000
   STATS: Overall Quality: 0.502
   STATS: Relevance: 0.615
   STATS: Diversity: 0.194
   STATS: NDCG@K: 1.0000
   STATS: ILD (Diversity): 0.0451
   STATS: Novelty: 0.5000
   STATS: Serendipity: 0.3500

Q💬A: Asking 3 questions...

   Q1: How much will I spend on fuel monthly?
      SUCCESS: Answer generated (2.75s)
      Q💬A: Answer:  I don't have enough information to provide an accurate estimate. To calculate the monthly fuel cost, I would need to know the car's fuel efficiency (miles per gallon or kilometers per liter), the average distance you drive per month, and the current fuel price.
      STATS: Overall Quality: 0.725
      STATS: Faithfulness: N/A
      STATS: Relevancy: N/A

   Q2: What are the main differences between these cars?
      SUCCESS: Answer generated (4.08s)
      Q💬A: Answer:  The main differences between these Citroen cars are:

1. Price: Ranges from Rs. 8,25,000 to Rs. 13,05,800.
2. Number of Seats: Ranges from 5 to 7 seats.
3. Power: Ranges from 80bhp to 109bhp.
4. Features: Some models have Apple CarPlay/Android Auto, while all others have ventilated seats.
5. Comfor...
      STATS: Overall Quality: 0.89
      STATS: Faithfulness: N/A
      STATS: Relevancy: N/A

   Q3: Tell me about the safety ratings of these cars
      SUCCESS: Answer generated (2.62s)
      Q💬A: Answer:  I'm sorry, the provided context does not include the safety ratings of the mentioned cars. Safety ratings are typically provided by organizations like the Global New Car Assessment Programme (Global NCAP) or the National Highway Traffic Safety Administration (NHTSA). These ratings are based on vari...
      STATS: Overall Quality: 0.715
      STATS: Faithfulness: N/A
      STATS: Relevancy: N/A

############################################################
Progress: 90/100 (90.0%)
TIME:  Estimated time remaining: 5.2 minutes

============================================================
TEST: Test Case #90: Resale value focused buyer
============================================================
PREFS: Budget: ₹1,200,000-₹1,800,000 | Fuel: Petrol | Body: MUV | Trans: Any | Seats: 5 | Features: Automatic Climate Control, Apple CarPlay/Android Auto, 360 Camera

STATS: Getting recommendations...
   SUCCESS: Got 5 recommendations
   TIME:  Response time: 1.63s

   CARS: Recommended Cars:
      1. Citroen Aircross Turbo Max
         Price: Rs.12,85,300 | Fuel: Petrol | Trans: N/A
         Match Score: 23.000
      2. Citroen Aircross Turbo Plus 7 Seater
         Price: Rs.12,46,300 | Fuel: Petrol | Trans: N/A
         Match Score: 23.000
      3. Citroen Aircross Turbo Plus
         Price: Rs.12,11,300 | Fuel: Petrol | Trans: N/A
         Match Score: 23.000
      4. Citroen Aircross Turbo Plus AT
         Price: Rs.13,41,300 | Fuel: Petrol | Trans: N/A
         Match Score: 23.000
      5. Citroen Aircross Turbo Max DT
         Price: Rs.13,05,800 | Fuel: Petrol | Trans: N/A
         Match Score: 23.000
   STATS: Overall Quality: 0.604
   STATS: Relevance: 0.59
   STATS: Diversity: 0.167
   STATS: NDCG@K: 1.0000
   STATS: ILD (Diversity): 0.0997
   STATS: Novelty: 0.5000
   STATS: Serendipity: 0.3500

Q💬A: Asking 3 questions...

   Q1: Tell me about the infotainment system
      SUCCESS: Answer generated (2.40s)
      Q💬A: Answer:  All models of the Citroen Aircross Turbo come equipped with an infotainment system that includes Apple CarPlay and Android Auto.
      STATS: Overall Quality: 0.838
      STATS: Faithfulness: N/A
      STATS: Relevancy: N/A

   Q2: Why is one car ranked higher than others?
      SUCCESS: Answer generated (3.04s)
      Q💬A: Answer:  The Citroen Aircross Turbo Max AT 7 Seater is ranked higher than the other cars with a Comfort Score of 3.75/5 because it offers both automatic transmission and 7 seater capacity, which might be preferred by some customers for comfort and ease of driving. However, other factors such as price, power...
      STATS: Overall Quality: 0.824
      STATS: Faithfulness: N/A
      STATS: Relevancy: N/A

   Q3: Tell me about the suspension quality
      SUCCESS: Answer generated (2.73s)
      Q💬A: Answer:  I don't have specific information about the suspension quality of the Citroen Aircross models in your context. However, the Comfort Score, which ranges from 3.5/5 to 3.75/5, may give you an idea of the overall comfort level, which can be partially attributed to the suspension system. If you'd like ...
      STATS: Overall Quality: 0.735
      STATS: Faithfulness: N/A
      STATS: Relevancy: N/A

💾 Saved intermediate results to results/intermediate_results_90.json

############################################################
Progress: 91/100 (91.0%)
TIME:  Estimated time remaining: 4.7 minutes

============================================================
TEST: Test Case #91: Long-distance highway driver
============================================================
PREFS: Budget: ₹2,000,000-₹3,000,000 | Fuel: Any | Body: Hatchback | Trans: Manual | Seats: 7 | Features: Automatic Climate Control, Sunroof

STATS: Getting recommendations...
   SUCCESS: Got 5 recommendations
   TIME:  Response time: 1.92s

   CARS: Recommended Cars:
      1. Mahindra Scorpio N Z8L
         Price: Rs.20,69,499 | Fuel: Petrol | Trans: N/A
         Match Score: 21.000
      2. Mahindra Scorpio N Z8L Carbon Edition
         Price: Rs.20,89,500 | Fuel: Petrol | Trans: N/A
         Match Score: 21.000
      3. MG Hector Plus BlackStorm 7 Str Diesel
         Price: Rs.23,19,800 | Fuel: Diesel | Trans: N/A
         Match Score: 24.000
      4. Mahindra Scorpio N Z8L Carbon Edition Diesel
         Price: Rs.21,29,900 | Fuel: Diesel | Trans: N/A
         Match Score: 21.000
      5. Mahindra Scorpio N Z8 Carbon Edition Diesel 4x4
         Price: Rs.21,71,700 | Fuel: Diesel | Trans: N/A
         Match Score: 21.000
   STATS: Overall Quality: 0.52
   STATS: Relevance: 0.635
   STATS: Diversity: 0.278
   STATS: NDCG@K: 1.0000
   STATS: ILD (Diversity): 0.1892
   STATS: Novelty: 0.5000
   STATS: Serendipity: 0.3500

Q💬A: Asking 3 questions...

   Q1: Tell me about the infotainment system
      SUCCESS: Answer generated (2.53s)
      Q💬A: Answer:  All the cars in the provided context come with an infotainment system that supports Apple CarPlay and Android Auto. However, the context does not offer specific details about screen size, additional features, or the user interface of these systems.
      STATS: Overall Quality: 0.752
      STATS: Faithfulness: N/A
      STATS: Relevancy: N/A

   Q2: What are the main differences between these cars?
      SUCCESS: Answer generated (3.86s)
      Q💬A: Answer:  The main differences between these cars are:

1. Brand: Mahindra and MG.
2. Model: Scorpio N, Hector Plus.
3. Power: Ranges from 167bhp to 200bhp.
4. Fuel Type: Petrol and Diesel options are available.
5. Features: Some models have a sunroof, while others have ventilated seats.
6. Price: Prices ran...
      STATS: Overall Quality: 0.884
      STATS: Faithfulness: N/A
      STATS: Relevancy: N/A

   Q3: Which car is most comfortable for long drives?
      SUCCESS: Answer generated (3.09s)
      Q💬A: Answer:  Based on the provided context, all cars have the same Comfort Score of 3.75/5. However, if we consider power as a factor for long drives, Mahindra XUV700 AX7L 7Str Diesel with 182bhp could be a better choice. Additionally, it also features a sunroof along with Apple CarPlay/Android Auto and ventila...
      STATS: Overall Quality: 0.672
      STATS: Faithfulness: N/A
      STATS: Relevancy: N/A

############################################################
Progress: 92/100 (92.0%)
TIME:  Estimated time remaining: 4.2 minutes

============================================================
TEST: Test Case #92: Tech-savvy millennial
============================================================
PREFS: Budget: ₹1,000,000-₹1,500,000 | Fuel: CNG | Body: Sedan | Trans: Any | Seats: 7 | Features: Apple CarPlay/Android Auto, 360 Camera, Wireless Charging

STATS: Getting recommendations...
   SUCCESS: Got 5 recommendations
   TIME:  Response time: 2.14s

   CARS: Recommended Cars:
      1. Maruti Ertiga ZXI (O) CNG
         Price: Rs.11,98,000 | Fuel: CNG | Trans: N/A
         Match Score: 23.000
      2. Maruti Ertiga VXi (O) CNG
         Price: Rs.10,88,000 | Fuel: CNG | Trans: N/A
         Match Score: 23.000
      3. Maruti XL6 Zeta CNG
         Price: Rs.12,66,000 | Fuel: CNG | Trans: N/A
         Match Score: 18.000
      4. Toyota Rumion S CNG
         Price: Rs.11,49,000 | Fuel: CNG | Trans: N/A
         Match Score: 23.000
      5. Maruti Ertiga Tour STD CNG
         Price: Rs.10,70,000 | Fuel: CNG | Trans: N/A
         Match Score: 23.000
   STATS: Overall Quality: 0.591
   STATS: Relevance: 0.564
   STATS: Diversity: 0.232
   STATS: NDCG@K: 1.0000
   STATS: ILD (Diversity): 0.0627
   STATS: Novelty: 0.3000
   STATS: Serendipity: 0.2100

Q💬A: Asking 3 questions...

   Q1: What are the pros and cons of each?
      SUCCESS: Answer generated (2.54s)
      Q💬A: Answer:  I'll provide a brief overview of the pros and cons for each CNG vehicle based on the given context:

1. Maruti Ertiga ZXI (O) CNG
   - Pros: Apple CarPlay/Android Auto, 7 seats
   - Cons: Slightly more expensive, lower comfort score

      STATS: Overall Quality: 0.897
      STATS: Faithfulness: N/A
      STATS: Relevancy: N/A

   Q2: Which car should I choose and why?
      SUCCESS: Answer generated (3.55s)
      Q💬A: Answer:  I don't have enough information to choose the best car for you as I don't know your preferences, budget, or specific requirements. However, based on the given context, the Maruti Ertiga ZXI (O) CNG and Tata Nexon Creative Plus S Dark CNG are appealing options. The Maruti Ertiga ZXI (O) CNG has a go...
      STATS: Overall Quality: 0.776
      STATS: Faithfulness: N/A
      STATS: Relevancy: N/A

   Q3: Do these cars have Apple CarPlay?
      SUCCESS: Answer generated (2.88s)
      Q💬A: Answer:  Yes, the following cars have Apple CarPlay:

1. Maruti Ertiga ZXI (O) CNG
2. Maruti XL6 Zeta CNG
3. Tata Nexon Creative Plus PS Dark CNG
4. Tata Nexon Creative Plus S Dark CNG
5. Tata Nexon Creative Plus PS DT CNG
6. Tata Nexon Creative Plus S CNG
7. Maruti Brezza Vxi CNG
      STATS: Overall Quality: 0.906
      STATS: Faithfulness: N/A
      STATS: Relevancy: N/A

############################################################
Progress: 93/100 (93.0%)
TIME:  Estimated time remaining: 3.7 minutes

============================================================
TEST: Test Case #93: Budget-conscious first-time buyer
============================================================
PREFS: Budget: ₹1,200,000-₹1,800,000 | Fuel: Any | Body: Crossover | Trans: Automatic | Seats: 8 | Features: Apple CarPlay/Android Auto

STATS: Getting recommendations...
   SUCCESS: Got 5 recommendations
   TIME:  Response time: 1.59s

   CARS: Recommended Cars:
      1. Citroen Aircross Turbo Plus AT
         Price: Rs.13,41,300 | Fuel: Petrol | Trans: N/A
         Match Score: 19.000
      2. Honda Elevate V CVT Apex Edition
         Price: Rs.13,86,000 | Fuel: Petrol | Trans: N/A
         Match Score: 19.000
      3. Citroen Aircross Turbo Max AT
         Price: Rs.13,99,800 | Fuel: Petrol | Trans: N/A
         Match Score: 19.000
      4. Citroen Aircross Turbo Max AT 7 Seater
         Price: Rs.14,34,800 | Fuel: Petrol | Trans: N/A
         Match Score: 19.000
      5. Citroen Aircross Turbo Max AT DT
         Price: Rs.14,19,800 | Fuel: Petrol | Trans: N/A
         Match Score: 19.000
   STATS: Overall Quality: 0.617
   STATS: Relevance: 0.516
   STATS: Diversity: 0.275
   STATS: NDCG@K: 1.0000
   STATS: ILD (Diversity): 0.1402
   STATS: Novelty: 0.4600
   STATS: Serendipity: 0.3220

Q💬A: Asking 3 questions...

   Q1: Are there any hidden costs I should know?
      SUCCESS: Answer generated (3.07s)
      Q💬A: Answer:  Based on the provided context, I don't see any mention of hidden costs for any of these car models. However, it's important to note that actual costs can include more than just the base price. Things like insurance, maintenance, and additional features or packages not included in the base price cou...
      STATS: Overall Quality: 0.797
      STATS: Faithfulness: N/A
      STATS: Relevancy: N/A

   Q2: How do these cars compare overall?
      SUCCESS: Answer generated (5.26s)
      Q💬A: Answer:  Based on the provided context, here's a concise comparison:

All cars come with a petrol engine, automatic transmission, Apple CarPlay/Android Auto, and ventilated seats. They also all have a power range of 108-119bhp, except for the Citroen Basalt Plus Turbo AT which has 109bhp.

The Citroen Aircr...
      STATS: Overall Quality: 0.812
      STATS: Faithfulness: N/A
      STATS: Relevancy: N/A

   Q3: Tell me about the driving experience
      SUCCESS: Answer generated (4.00s)
      Q💬A: Answer:  Based on the provided context, I can give you a general idea of the driving experience for these cars, but it's important to note that personal experiences can vary. 

All cars are petrol and automatic, which suggests a smooth driving experience. The Citroen Aircross models and Honda Elevate have a...
      STATS: Overall Quality: 0.795
      STATS: Faithfulness: N/A
      STATS: Relevancy: N/A

############################################################
Progress: 94/100 (94.0%)
TIME:  Estimated time remaining: 3.3 minutes

============================================================
TEST: Test Case #94: Weekend road-tripper
============================================================
PREFS: Budget: ₹700,000-₹1,400,000 | Fuel: Any | Body: SUV | Trans: Manual | Seats: 8 | Features: Lane Assist, 360 Camera

STATS: Getting recommendations...
   SUCCESS: Got 5 recommendations
   TIME:  Response time: 2.05s

   CARS: Recommended Cars:
      1. Mahindra Scorpio S 9 Seater
         Price: Rs.13,86,599 | Fuel: Diesel | Trans: N/A
         Match Score: 31.000
      2. Mahindra Bolero Neo Plus P4
         Price: Rs.11,39,000 | Fuel: Diesel | Trans: N/A
         Match Score: 31.000
      3. Mahindra Bolero Neo Plus P10
         Price: Rs.12,49,000 | Fuel: Diesel | Trans: N/A
         Match Score: 31.000
      4. Citroen Aircross Turbo Plus
         Price: Rs.12,11,300 | Fuel: Petrol | Trans: N/A
         Match Score: 26.000
      5. Citroen Aircross Turbo Max
         Price: Rs.12,85,300 | Fuel: Petrol | Trans: N/A
         Match Score: 26.000
   STATS: Overall Quality: 0.612
   STATS: Relevance: 0.765
   STATS: Diversity: 0.283
   STATS: NDCG@K: 1.0000
   STATS: ILD (Diversity): 0.2190
   STATS: Novelty: 0.2000
   STATS: Serendipity: 0.1400

Q💬A: Asking 3 questions...

   Q1: Which car has the most technology features?
      SUCCESS: Answer generated (2.42s)
      Q💬A: Answer:  The Citroen Aircross Turbo Max 7 Seater has the most technology features, including a 7-seat option, Apple CarPlay/Android Auto, and ventilated seats.
      STATS: Overall Quality: 0.899
      STATS: Faithfulness: N/A
      STATS: Relevancy: N/A

   Q2: Why is one car ranked higher than others?
      SUCCESS: Answer generated (3.66s)
      Q💬A: Answer:  A car is ranked higher than others primarily due to its superior comfort score, which is determined by factors such as seating capacity, power, features, and user experience. For instance, comparing the Citroen Aircross Turbo Max DT and the Mahindra Scorpio S 9 Seater, the former has a higher comfo...
      STATS: Overall Quality: 0.86
      STATS: Faithfulness: N/A
      STATS: Relevancy: N/A

   Q3: Tell me about the safety ratings of these cars
      SUCCESS: Answer generated (2.33s)
      Q💬A: Answer:  I don't have specific safety ratings for the mentioned cars within the provided context. Safety ratings may come from organizations like the Global NCAP or the National Highway Traffic Safety Administration (NHTSA). To get accurate safety ratings, please look up the specific car models on these org...
      STATS: Overall Quality: 0.736
      STATS: Faithfulness: N/A
      STATS: Relevancy: N/A

############################################################
Progress: 95/100 (95.0%)
TIME:  Estimated time remaining: 2.8 minutes

============================================================
TEST: Test Case #95: Ride-sharing driver
============================================================
PREFS: Budget: ₹1,500,000-₹2,000,000 | Fuel: Petrol | Body: Hatchback | Trans: Automatic | Seats: 8 | Features: Automatic Climate Control

STATS: Getting recommendations...
   SUCCESS: Got 5 recommendations
   TIME:  Response time: 1.92s

   CARS: Recommended Cars:
      1. Toyota Innova Hycross GX 8STR
         Price: Rs.19,99,000 | Fuel: Petrol | Trans: N/A
         Match Score: 31.000
      2. Honda Elevate ZX Black Edition CVT
         Price: Rs.16,73,000 | Fuel: Petrol | Trans: N/A
         Match Score: 26.000
      3. Honda Elevate VX CVT
         Price: Rs.15,30,000 | Fuel: Petrol | Trans: N/A
         Match Score: 26.000
      4. Honda Elevate ZX CVT
         Price: Rs.16,63,000 | Fuel: Petrol | Trans: N/A
         Match Score: 26.000
      5. Honda Elevate VX CVT Apex Edition
         Price: Rs.15,25,000 | Fuel: Petrol | Trans: N/A
         Match Score: 26.000
   STATS: Overall Quality: 0.491
   STATS: Relevance: 0.641
   STATS: Diversity: 0.241
   STATS: NDCG@K: 1.0000
   STATS: ILD (Diversity): 0.0700
   STATS: Novelty: 0.3000
   STATS: Serendipity: 0.2100

Q💬A: Asking 3 questions...

   Q1: Which car should I choose and why?
      SUCCESS: Answer generated (8.92s)
      Q💬A: Answer:  Based on the context provided, if you're looking for a spacious and feature-loaded SUV for your family, the Hyundai Creta is a strong contender. It offers a comfortable and easy drivability experience, and it's more feature-loaded and safer than ever before. The S(O) variant, in particular, feels l...
      STATS: Overall Quality: 0.508
      STATS: Faithfulness: N/A
      STATS: Relevancy: N/A

   Q2: What are the pros and cons of each?
      SUCCESS: Answer generated (10.98s)
      Q💬A: Answer:  Here are the pros and cons of the Hyundai Creta and Hyundai Creta S (O) iVT from the provided context:

Hyundai Creta:

Pros:

* Improved styling with a more sophisticated appearance
* Better interior design and improved quality for a better in-cabin experience
* Packed with features, including dua...
      STATS: Overall Quality: 0.256
      STATS: Faithfulness: N/A
      STATS: Relevancy: N/A

   Q3: Which car has the most technology features?
      SUCCESS: Answer generated (5.45s)
      Q💬A: Answer:  Based on the provided context, the Hyundai Creta SX Tech and SX (O) variants have the most technology features. They are equipped with Level 2 ADAS (Advanced Driver-Assistance Systems) which includes features such as auto emergency braking, adaptive cruise control, blind spot monitoring, and rear c...
      STATS: Overall Quality: 0.2
      STATS: Faithfulness: N/A
      STATS: Relevancy: N/A

############################################################
Progress: 96/100 (96.0%)
TIME:  Estimated time remaining: 2.3 minutes

============================================================
TEST: Test Case #96: Performance enthusiast
============================================================
PREFS: Budget: ₹500,000-₹800,000 | Fuel: Diesel | Body: Hatchback | Trans: Automatic | Seats: 8 | Features: Apple CarPlay/Android Auto, Lane Assist

STATS: Getting recommendations...
   SUCCESS: Got 5 recommendations
   TIME:  Response time: 1.85s

   CARS: Recommended Cars:
      1. Maruti Swift VXi AMT
         Price: Rs.7,79,500 | Fuel: Petrol | Trans: N/A
         Match Score: 23.000
      2. Maruti Celerio ZXI Plus AMT
         Price: Rs.7,37,000 | Fuel: Petrol | Trans: N/A
         Match Score: 23.000
      3. Maruti Celerio VXI AMT
         Price: Rs.6,49,500 | Fuel: Petrol | Trans: N/A
         Match Score: 23.000
      4. Maruti Alto K10 VXI Plus AT
         Price: Rs.6,09,499 | Fuel: Petrol | Trans: N/A
         Match Score: 23.000
      5. Maruti Celerio ZXI AMT
         Price: Rs.6,89,000 | Fuel: Petrol | Trans: N/A
         Match Score: 23.000
   STATS: Overall Quality: 0.475
   STATS: Relevance: 0.548
   STATS: Diversity: 0.177
   STATS: NDCG@K: 1.0000
   STATS: ILD (Diversity): 0.0255
   STATS: Novelty: 0.3000
   STATS: Serendipity: 0.2100

Q💬A: Asking 3 questions...

   Q1: Tell me about the driving experience
      SUCCESS: Answer generated (7.03s)
      Q💬A: Answer:  Based on the given context, I can provide some insights into the driving experience of these Maruti cars, primarily focusing on power, automatic transmission, and comfort score.

1. Maruti Swift VXi AMT: With 80bhp power, you can expect a peppy and responsive driving experience. The AMT (Automated ...
      STATS: Overall Quality: 0.799
      STATS: Faithfulness: N/A
      STATS: Relevancy: N/A

   Q2: Why is one car ranked higher than others?
      SUCCESS: Answer generated (3.27s)
      Q💬A: Answer:  A car is ranked higher than others based on its comfort score, features, power, and price, which are all factors considered in the context provided. For example, the Maruti Swift VXi AMT is ranked higher than the Maruti Alto K10 VXI AT due to its higher power (80bhp vs 65bhp), better comfort score ...
      STATS: Overall Quality: 0.867
      STATS: Faithfulness: N/A
      STATS: Relevancy: N/A

   Q3: Tell me about the suspension quality
      SUCCESS: Answer generated (2.24s)
      Q💬A: Answer:  I don't have specific information about the suspension quality of these car models in the provided context. The context includes details such as car names, prices, fuel type, body type, transmission, number of seats, power, features, and comfort scores, but it does not include details about the sus...
      STATS: Overall Quality: 0.625
      STATS: Faithfulness: N/A
      STATS: Relevancy: N/A

############################################################
Progress: 97/100 (97.0%)
TIME:  Estimated time remaining: 1.9 minutes

============================================================
TEST: Test Case #97: College student on tight budget
============================================================
PREFS: Budget: ₹2,000,000-₹3,000,000 | Fuel: CNG | Body: SUV | Trans: Automatic | Seats: 8 | Features: Apple CarPlay/Android Auto, Automatic Climate Control

STATS: Getting recommendations...
   SUCCESS: Got 5 recommendations
   TIME:  Response time: 2.27s

   CARS: Recommended Cars:
      1. Hyundai Creta Electric Premium HC
         Price: Rs.20,72,900 | Fuel: Electric | Trans: N/A
         Match Score: 25.000
      2. Hyundai Creta Electric Smart (O) HC
         Price: Rs.20,22,900 | Fuel: Electric | Trans: N/A
         Match Score: 25.000
      3. Hyundai Creta Electric Premium DT
         Price: Rs.20,14,900 | Fuel: Electric | Trans: N/A
         Match Score: 25.000
      4. Hyundai Alcazar Signature Diesel AT
         Price: Rs.21,34,900 | Fuel: Diesel | Trans: N/A
         Match Score: 25.000
      5. Hyundai Alcazar Platinum Diesel AT
         Price: Rs.20,90,900 | Fuel: Diesel | Trans: N/A
         Match Score: 25.000
   STATS: Overall Quality: 0.484
   STATS: Relevance: 0.548
   STATS: Diversity: 0.214
   STATS: NDCG@K: 1.0000
   STATS: ILD (Diversity): 0.1398
   STATS: Novelty: 0.3000
   STATS: Serendipity: 0.2100

Q💬A: Asking 3 questions...

   Q1: Are there any hidden costs I should know?
      SUCCESS: Answer generated (2.96s)
      Q💬A: Answer:  Based on the provided context, I don't have enough information to definitively say if there are any hidden costs for these Hyundai models. The prices listed appear to be the full cost of the vehicles. However, it's always a good idea to check with the dealership for any potential additional costs s...
      STATS: Overall Quality: 0.796
      STATS: Faithfulness: N/A
      STATS: Relevancy: N/A

   Q2: Which car should I choose and why?
      SUCCESS: Answer generated (3.20s)
      Q💬A: Answer:  I don't have enough information to choose the best car for you as I don't know your preferences, budget, or specific needs. However, based on the provided context, the Hyundai Creta Electric Premium HC and Hyundai Alcazar Signature Diesel AT are both priced similarly and have a good balance of feat...
      STATS: Overall Quality: 0.757
      STATS: Faithfulness: N/A
      STATS: Relevancy: N/A

   Q3: Tell me about the suspension quality
      SUCCESS: Answer generated (2.37s)
      Q💬A: Answer:  I don't have specific information about the suspension quality of the mentioned Hyundai models in the provided context. The context includes details such as car names, prices, types, transmissions, seating capacity, power, features, and comfort scores, but it does not include details about the susp...
      STATS: Overall Quality: 0.629
      STATS: Faithfulness: N/A
      STATS: Relevancy: N/A

############################################################
Progress: 98/100 (98.0%)
TIME:  Estimated time remaining: 1.4 minutes

============================================================
TEST: Test Case #98: Safety-focused family person
============================================================
PREFS: Budget: ₹1,200,000-₹1,800,000 | Fuel: CNG | Body: MUV | Trans: Any | Seats: 7 | Features: Lane Assist

STATS: Getting recommendations...
   SUCCESS: Got 5 recommendations
   TIME:  Response time: 1.77s

   CARS: Recommended Cars:
      1. Maruti Grand Vitara Delta CNG
         Price: Rs.13,25,000 | Fuel: CNG | Trans: N/A
         Match Score: 18.000
      2. Maruti XL6 Zeta CNG
         Price: Rs.12,66,000 | Fuel: CNG | Trans: N/A
         Match Score: 18.000
      3. Maruti Grand Vitara Zeta CNG
         Price: Rs.15,21,000 | Fuel: CNG | Trans: N/A
         Match Score: 18.000
      4. Toyota Hyryder G CNG
         Price: Rs.15,59,000 | Fuel: CNG | Trans: N/A
         Match Score: 18.000
      5. Toyota Hyryder S CNG
         Price: Rs.13,71,000 | Fuel: CNG | Trans: N/A
         Match Score: 18.000
   STATS: Overall Quality: 0.661
   STATS: Relevance: 0.545
   STATS: Diversity: 0.286
   STATS: NDCG@K: 1.0000
   STATS: ILD (Diversity): 0.1785
   STATS: Novelty: 0.3000
   STATS: Serendipity: 0.2100

Q💬A: Asking 3 questions...

   Q1: How many airbags do these cars have?
      SUCCESS: Answer generated (2.16s)
      Q💬A: Answer:  The context does not provide information on the number of airbags for these cars. I would need more specific models or vehicle details to answer this question accurately.
      STATS: Overall Quality: 0.703
      STATS: Faithfulness: N/A
      STATS: Relevancy: N/A

   Q2: How do these cars compare overall?
      SUCCESS: Answer generated (4.80s)
      Q💬A: Answer:  Based on the provided context, here's a concise comparison of the cars:

1. **Price:** The Maruti Brezza Zxi CNG is the most affordable at Rs. 12,21,000, while the Maruti Grand Vitara Zeta CNG is the most expensive at Rs. 15,21,000.

2. **Power:** The Tata Nexon Fearless Plus PS DT CNG offers the h...
      STATS: Overall Quality: 0.826
      STATS: Faithfulness: N/A
      STATS: Relevancy: N/A

   Q3: Which car has the most technology features?
      SUCCESS: Answer generated (2.11s)
      Q💬A: Answer:  The Tata Nexon Fearless Plus PS DT CNG has the most technology features, including a sunroof and CNG compatibility, in addition to Apple CarPlay/Android Auto.
      STATS: Overall Quality: 0.892
      STATS: Faithfulness: N/A
      STATS: Relevancy: N/A

############################################################
Progress: 99/100 (99.0%)
TIME:  Estimated time remaining: 0.9 minutes

============================================================
TEST: Test Case #99: Young professional
============================================================
PREFS: Budget: ₹600,000-₹1,000,000 | Fuel: Electric | Body: MUV | Trans: Automatic | Seats: 8 | Features: Automatic Climate Control, Apple CarPlay/Android Auto, 360 Camera

STATS: Getting recommendations...
   SUCCESS: Got 5 recommendations
   TIME:  Response time: 2.06s

   CARS: Recommended Cars:
      1. MG Comet EV Exclusive
         Price: Rs.9,25,800 | Fuel: Electric | Trans: N/A
         Match Score: 24.000
      2. MG Comet EV Blackstorm Edition
         Price: Rs.9,80,800 | Fuel: Electric | Trans: N/A
         Match Score: 24.000
      3. MG Comet EV Exclusive FC
         Price: Rs.9,67,800 | Fuel: Electric | Trans: N/A
         Match Score: 24.000
      4. Tata Tiago EV XT MR
         Price: Rs.8,99,000 | Fuel: Electric | Trans: N/A
         Match Score: 24.000
      5. MG Comet EV Excite
         Price: Rs.8,20,000 | Fuel: Electric | Trans: N/A
         Match Score: 24.000
   STATS: Overall Quality: 0.496
   STATS: Relevance: 0.533
   STATS: Diversity: 0.232
   STATS: NDCG@K: 1.0000
   STATS: ILD (Diversity): 0.0626
   STATS: Novelty: 0.4600
   STATS: Serendipity: 0.3220

Q💬A: Asking 3 questions...

   Q1: Do these cars have Apple CarPlay?
      SUCCESS: Answer generated (3.01s)
      Q💬A: Answer:  Yes, the MG Comet EV Exclusive, MG Comet EV Blackstorm Edition, MG Comet EV Exclusive FC, MG Comet EV 100 Year Limited Edition, MG Comet EV Excite FC, and Tata Tiago EV XT MR have Apple CarPlay. However, the Tata Punch EV Smart and the lower-end variants of the MG Comet EV (MG Comet EV Executive an...
      STATS: Overall Quality: 0.87
      STATS: Faithfulness: N/A
      STATS: Relevancy: N/A

   Q2: Why is one car ranked higher than others?
      SUCCESS: Answer generated (3.90s)
      Q💬A: Answer:  A car's ranking could be influenced by several factors including its price, features, power, comfort score, and specific user preferences. For instance, in your provided context, the Tata Punch EV Smart is ranked higher than some variants due to its higher power of 80bhp compared to the others' 41b...
      STATS: Overall Quality: 0.861
      STATS: Faithfulness: N/A
      STATS: Relevancy: N/A

   Q3: Which car offers best value for money?
      SUCCESS: Answer generated (3.33s)
      Q💬A: Answer:  Based on the provided context, the Tata Tiago EV XE MR seems to offer the best value for money. It has a competitive price of Rs. 7,99,000, provides 60bhp power which is higher than most other cars listed, and offers seating for 5 people. However, it's important to note that it doesn't have Apple C...
      STATS: Overall Quality: 0.823
      STATS: Faithfulness: N/A
      STATS: Relevancy: N/A

############################################################
Progress: 100/100 (100.0%)
TIME:  Estimated time remaining: 0.5 minutes

============================================================
TEST: Test Case #100: Senior citizen looking for comfort
============================================================
PREFS: Budget: ₹800,000-₹1,200,000 | Fuel: Electric | Body: Hatchback | Trans: Automatic | Seats: 8 | Features: Sunroof, Automatic Climate Control

STATS: Getting recommendations...
   SUCCESS: Got 5 recommendations
   TIME:  Response time: 2.03s

   CARS: Recommended Cars:
      1. MG Comet EV Blackstorm Edition
         Price: Rs.9,80,800 | Fuel: Electric | Trans: N/A
         Match Score: 31.000
      2. MG Comet EV Exclusive
         Price: Rs.9,25,800 | Fuel: Electric | Trans: N/A
         Match Score: 31.000
      3. MG Comet EV 100 Year Limited Edition
         Price: Rs.9,83,800 | Fuel: Electric | Trans: N/A
         Match Score: 31.000
      4. MG Comet EV Exclusive FC
         Price: Rs.9,67,800 | Fuel: Electric | Trans: N/A
         Match Score: 31.000
      5. MG Comet EV Excite
         Price: Rs.8,20,000 | Fuel: Electric | Trans: N/A
         Match Score: 31.000
   STATS: Overall Quality: 0.484
   STATS: Relevance: 0.738
   STATS: Diversity: 0.173
   STATS: NDCG@K: 1.0000
   STATS: ILD (Diversity): 0.0175
   STATS: Novelty: 0.2000
   STATS: Serendipity: 0.1400

Q💬A: Asking 3 questions...

   Q1: How is the rear seat comfort?
      SUCCESS: Answer generated (3.25s)
      Q💬A: Answer:  Based on the provided context, the MG Comet EV models (Blackstorm Edition, 100 Year Limited Edition, Exclusive, Exclusive FC, and Excite) have a rear seat comfort score of 3.5/5. The Citroen eC3 Shine and Shine DT models also have a rear seat comfort score of 3.5/5. The Tata Tiago EV XT MR and XT L...
      STATS: Overall Quality: 0.9
      STATS: Faithfulness: N/A
      STATS: Relevancy: N/A

   Q2: What are the main differences between these cars?
      SUCCESS: Answer generated (4.58s)
      Q💬A: Answer:  The main differences between these cars are:

1. Price: Prices range from Rs. 8,20,000 for the MG Comet EV Excite to Rs. 13,41,300 for the Citroen eC3 Shine DT.

2. Power: The power output ranges from 41bhp (in most MG Comet EV models and the Tata Tiago EV XT MR) to 73bhp (in the Tata Tiago EV XT L...
      STATS: Overall Quality: 0.886
      STATS: Faithfulness: N/A
      STATS: Relevancy: N/A

   Q3: Which car has the best fuel efficiency?
      SUCCESS: Answer generated (2.62s)
      Q💬A: Answer:  I don't have enough information to provide an answer because the context only includes electric vehicles. The concept of "fuel efficiency" is not applicable here since these vehicles don't run on fuel. Instead, they have battery ranges indicating how far they can travel on a single charge.
      STATS: Overall Quality: 0.764
      STATS: Faithfulness: N/A
      STATS: Relevancy: N/A

💾 Saved intermediate results to results/intermediate_results_100.json

============================================================
SUCCESS: BENCHMARK COMPLETE!
============================================================
STATS: Total tests: 100
TIME:  Total time: 45.6 minutes
TIME:  Avg time per test: 27.4 seconds
💾 Results saved to: results/benchmark_results_20260124_102525.json

PROGRESS: Quick Stats:
   Successful recommendations: 100/100 (100.0%)
   Successful Q&A: 300/300 (100.0%)

DONE: Next step: Run analysis on results/benchmark_results_20260124_102525.json
   python3 analyze_results.py results/benchmark_results_20260124_102525.json
